patch_size_b,L_eff,sigma_test,replica,v_score
2,32,0.01,0,5.653099586206963e-05
2,32,0.01,1,5.351794403516243e-05
2,32,0.01,2,5.354918392784367e-05
2,32,0.01,3,5.703257993855986e-05
2,32,0.01,4,5.5925164191413846e-05
2,32,0.01,5,5.808905962607462e-05
2,32,0.01,6,5.6516038590412786e-05
2,32,0.01,7,5.37379340719702e-05
2,32,0.01,8,5.457334789199174e-05
2,32,0.01,9,5.8806389287385794e-05
2,32,0.017435897435897435,0,5.54053801023221e-05
2,32,0.017435897435897435,1,5.663634635360623e-05
2,32,0.017435897435897435,2,5.844074743509124e-05
2,32,0.017435897435897435,3,6.234905462496142e-05
2,32,0.017435897435897435,4,5.905916880164529e-05
2,32,0.017435897435897435,5,6.0236600381931586e-05
2,32,0.017435897435897435,6,5.863759376501945e-05
2,32,0.017435897435897435,7,5.7748393638072154e-05
2,32,0.017435897435897435,8,5.488427872713974e-05
2,32,0.017435897435897435,9,5.4394832879402146e-05
2,32,0.02487179487179487,0,6.39989771376926e-05
2,32,0.02487179487179487,1,5.4299479778901466e-05
2,32,0.02487179487179487,2,5.636181316268604e-05
2,32,0.02487179487179487,3,5.359937967897054e-05
2,32,0.02487179487179487,4,6.204170770936507e-05
2,32,0.02487179487179487,5,5.6951945525448475e-05
2,32,0.02487179487179487,6,5.523228634784214e-05
2,32,0.02487179487179487,7,6.1014010543212315e-05
2,32,0.02487179487179487,8,5.656412265586391e-05
2,32,0.02487179487179487,9,5.864398916773248e-05
2,32,0.03230769230769231,0,5.548534251202872e-05
2,32,0.03230769230769231,1,5.897791415589733e-05
2,32,0.03230769230769231,2,5.934620331478774e-05
2,32,0.03230769230769231,3,5.9475754913818505e-05
2,32,0.03230769230769231,4,6.10775813990452e-05
2,32,0.03230769230769231,5,5.531110619875473e-05
2,32,0.03230769230769231,6,6.27988321915983e-05
2,32,0.03230769230769231,7,5.6854644043255286e-05
2,32,0.03230769230769231,8,5.7599708623880605e-05
2,32,0.03230769230769231,9,5.6358152562902264e-05
2,32,0.03974358974358974,0,5.9751707290294005e-05
2,32,0.03974358974358974,1,5.6624961779484835e-05
2,32,0.03974358974358974,2,5.906020910370174e-05
2,32,0.03974358974358974,3,5.5938185935199385e-05
2,32,0.03974358974358974,4,5.9836990833873744e-05
2,32,0.03974358974358974,5,5.672598491127033e-05
2,32,0.03974358974358974,6,6.018971327020578e-05
2,32,0.03974358974358974,7,5.9391272432811134e-05
2,32,0.03974358974358974,8,5.815172789655841e-05
2,32,0.03974358974358974,9,6.169645074824731e-05
2,32,0.04717948717948718,0,6.218810879896719e-05
2,32,0.04717948717948718,1,6.291400226915711e-05
2,32,0.04717948717948718,2,5.478136961999843e-05
2,32,0.04717948717948718,3,5.653971492846855e-05
2,32,0.04717948717948718,4,6.285250074741146e-05
2,32,0.04717948717948718,5,6.186065325661899e-05
2,32,0.04717948717948718,6,6.047261817873895e-05
2,32,0.04717948717948718,7,5.775158318991197e-05
2,32,0.04717948717948718,8,5.759604958247027e-05
2,32,0.04717948717948718,9,6.149142231754752e-05
2,32,0.054615384615384614,0,5.739311564137257e-05
2,32,0.054615384615384614,1,6.0931149668897206e-05
2,32,0.054615384615384614,2,6.163984270691283e-05
2,32,0.054615384615384614,3,6.147743158703326e-05
2,32,0.054615384615384614,4,5.7455292343501415e-05
2,32,0.054615384615384614,5,6.21364699127365e-05
2,32,0.054615384615384614,6,6.318197113649703e-05
2,32,0.054615384615384614,7,6.357236916221319e-05
2,32,0.054615384615384614,8,5.775819507901506e-05
2,32,0.054615384615384614,9,5.746551008046544e-05
2,32,0.062051282051282054,0,5.887341819038813e-05
2,32,0.062051282051282054,1,5.967494512310968e-05
2,32,0.062051282051282054,2,5.802185374454216e-05
2,32,0.062051282051282054,3,6.310888214391249e-05
2,32,0.062051282051282054,4,6.27695224717853e-05
2,32,0.062051282051282054,5,5.827643895592834e-05
2,32,0.062051282051282054,6,6.206950674894397e-05
2,32,0.062051282051282054,7,6.106902389421555e-05
2,32,0.062051282051282054,8,5.895586491212147e-05
2,32,0.062051282051282054,9,6.168343135403612e-05
2,32,0.06948717948717949,0,6.119803425852515e-05
2,32,0.06948717948717949,1,6.261271563227743e-05
2,32,0.06948717948717949,2,5.905599098124058e-05
2,32,0.06948717948717949,3,5.632654431435193e-05
2,32,0.06948717948717949,4,6.279585346306237e-05
2,32,0.06948717948717949,5,6.117186269922869e-05
2,32,0.06948717948717949,6,6.298093713117443e-05
2,32,0.06948717948717949,7,6.512752550958095e-05
2,32,0.06948717948717949,8,6.020431314436638e-05
2,32,0.06948717948717949,9,6.329156607988737e-05
2,32,0.07692307692307691,0,6.6439949091992e-05
2,32,0.07692307692307691,1,6.266905982091273e-05
2,32,0.07692307692307691,2,6.0894761697570736e-05
2,32,0.07692307692307691,3,6.189306116740428e-05
2,32,0.07692307692307691,4,7.047389818406619e-05
2,32,0.07692307692307691,5,6.495013752884073e-05
2,32,0.07692307692307691,6,5.9391804805764e-05
2,32,0.07692307692307691,7,6.783759055134115e-05
2,32,0.07692307692307691,8,6.629717230830134e-05
2,32,0.07692307692307691,9,5.8763222937242505e-05
2,32,0.08435897435897435,0,5.847295478900502e-05
2,32,0.08435897435897435,1,6.583856999344631e-05
2,32,0.08435897435897435,2,6.629736396146357e-05
2,32,0.08435897435897435,3,5.919539337779049e-05
2,32,0.08435897435897435,4,6.397743804978293e-05
2,32,0.08435897435897435,5,6.202745674530563e-05
2,32,0.08435897435897435,6,6.769740009362624e-05
2,32,0.08435897435897435,7,5.811981915030717e-05
2,32,0.08435897435897435,8,6.482568100521854e-05
2,32,0.08435897435897435,9,6.090211462828878e-05
2,32,0.0917948717948718,0,5.953500575319433e-05
2,32,0.0917948717948718,1,6.370190370473045e-05
2,32,0.0917948717948718,2,6.243381510727529e-05
2,32,0.0917948717948718,3,6.1032815919834464e-05
2,32,0.0917948717948718,4,5.886608077145208e-05
2,32,0.0917948717948718,5,6.803140449223474e-05
2,32,0.0917948717948718,6,6.710944570975453e-05
2,32,0.0917948717948718,7,7.033597133464475e-05
2,32,0.0917948717948718,8,7.271357918843653e-05
2,32,0.0917948717948718,9,6.642378497467735e-05
2,32,0.09923076923076922,0,7.248267469941589e-05
2,32,0.09923076923076922,1,6.680409480344098e-05
2,32,0.09923076923076922,2,6.552231462424484e-05
2,32,0.09923076923076922,3,6.67985634603723e-05
2,32,0.09923076923076922,4,7.280634367356716e-05
2,32,0.09923076923076922,5,6.607108078035148e-05
2,32,0.09923076923076922,6,6.646608680504632e-05
2,32,0.09923076923076922,7,7.100506379177437e-05
2,32,0.09923076923076922,8,6.546034505283518e-05
2,32,0.09923076923076922,9,6.962551896953966e-05
2,32,0.10666666666666666,0,6.398515900774538e-05
2,32,0.10666666666666666,1,6.057408599569908e-05
2,32,0.10666666666666666,2,6.766812908950954e-05
2,32,0.10666666666666666,3,6.591695824562461e-05
2,32,0.10666666666666666,4,7.406230191196294e-05
2,32,0.10666666666666666,5,6.670029119102506e-05
2,32,0.10666666666666666,6,6.548904838972385e-05
2,32,0.10666666666666666,7,6.583911833179372e-05
2,32,0.10666666666666666,8,7.231670434204316e-05
2,32,0.10666666666666666,9,7.076224084160707e-05
2,32,0.1141025641025641,0,6.457454406773754e-05
2,32,0.1141025641025641,1,6.914744776674295e-05
2,32,0.1141025641025641,2,7.497426854788257e-05
2,32,0.1141025641025641,3,7.728438313768103e-05
2,32,0.1141025641025641,4,7.041317542748691e-05
2,32,0.1141025641025641,5,6.585727436116213e-05
2,32,0.1141025641025641,6,7.086755434736848e-05
2,32,0.1141025641025641,7,6.807421387656384e-05
2,32,0.1141025641025641,8,6.725425987747661e-05
2,32,0.1141025641025641,9,6.939341569589107e-05
2,32,0.12153846153846153,0,6.30328347948821e-05
2,32,0.12153846153846153,1,6.412853763431262e-05
2,32,0.12153846153846153,2,7.249844253169412e-05
2,32,0.12153846153846153,3,6.736212280823154e-05
2,32,0.12153846153846153,4,6.374318494305081e-05
2,32,0.12153846153846153,5,8.72593431098116e-05
2,32,0.12153846153846153,6,7.952316598104475e-05
2,32,0.12153846153846153,7,7.241524565198294e-05
2,32,0.12153846153846153,8,7.498697607061901e-05
2,32,0.12153846153846153,9,6.222428846311594e-05
2,32,0.12897435897435897,0,7.731116201761693e-05
2,32,0.12897435897435897,1,7.083208553750311e-05
2,32,0.12897435897435897,2,9.90578115908666e-05
2,32,0.12897435897435897,3,7.292866199956953e-05
2,32,0.12897435897435897,4,7.642015283912408e-05
2,32,0.12897435897435897,5,6.657020139373775e-05
2,32,0.12897435897435897,6,7.063926241518305e-05
2,32,0.12897435897435897,7,8.098246578697201e-05
2,32,0.12897435897435897,8,7.623109512846481e-05
2,32,0.12897435897435897,9,7.189250650729411e-05
2,32,0.13641025641025642,0,7.053136170262027e-05
2,32,0.13641025641025642,1,6.732861127248375e-05
2,32,0.13641025641025642,2,7.705674947127964e-05
2,32,0.13641025641025642,3,9.660505152668154e-05
2,32,0.13641025641025642,4,7.907314737730286e-05
2,32,0.13641025641025642,5,7.455774520692824e-05
2,32,0.13641025641025642,6,7.617699326229184e-05
2,32,0.13641025641025642,7,6.870111624455633e-05
2,32,0.13641025641025642,8,7.273182851623501e-05
2,32,0.13641025641025642,9,7.316408963423967e-05
2,32,0.14384615384615385,0,8.397296487277215e-05
2,32,0.14384615384615385,1,8.426611765965182e-05
2,32,0.14384615384615385,2,7.175197307442134e-05
2,32,0.14384615384615385,3,0.00010230509929700439
2,32,0.14384615384615385,4,8.258060498059997e-05
2,32,0.14384615384615385,5,7.460095861906763e-05
2,32,0.14384615384615385,6,7.469891754328864e-05
2,32,0.14384615384615385,7,8.054579650436188e-05
2,32,0.14384615384615385,8,7.508111289183791e-05
2,32,0.14384615384615385,9,8.178718251079702e-05
2,32,0.1512820512820513,0,8.713909535076305e-05
2,32,0.1512820512820513,1,8.296312020018142e-05
2,32,0.1512820512820513,2,8.368022538693177e-05
2,32,0.1512820512820513,3,7.823050720875353e-05
2,32,0.1512820512820513,4,6.999628899052323e-05
2,32,0.1512820512820513,5,7.600972998378797e-05
2,32,0.1512820512820513,6,8.519345664672051e-05
2,32,0.1512820512820513,7,8.241722182648705e-05
2,32,0.1512820512820513,8,9.581478723358182e-05
2,32,0.1512820512820513,9,7.504671947634904e-05
2,32,0.15871794871794873,0,8.0832062969145e-05
2,32,0.15871794871794873,1,8.208064492369548e-05
2,32,0.15871794871794873,2,8.613420056998511e-05
2,32,0.15871794871794873,3,7.986774512248676e-05
2,32,0.15871794871794873,4,8.105191537048134e-05
2,32,0.15871794871794873,5,8.184579169940184e-05
2,32,0.15871794871794873,6,7.945328044698012e-05
2,32,0.15871794871794873,7,9.360384264190903e-05
2,32,0.15871794871794873,8,9.334226516586347e-05
2,32,0.15871794871794873,9,7.418584833090443e-05
2,32,0.16615384615384615,0,7.886562802059355e-05
2,32,0.16615384615384615,1,9.026506661719488e-05
2,32,0.16615384615384615,2,8.504852379912665e-05
2,32,0.16615384615384615,3,8.297276601942845e-05
2,32,0.16615384615384615,4,8.920819171960232e-05
2,32,0.16615384615384615,5,9.09097157228091e-05
2,32,0.16615384615384615,6,7.718927312894536e-05
2,32,0.16615384615384615,7,9.777265986598168e-05
2,32,0.16615384615384615,8,9.356574601765529e-05
2,32,0.16615384615384615,9,7.496015960507079e-05
2,32,0.1735897435897436,0,9.535151969856496e-05
2,32,0.1735897435897436,1,9.083427194609828e-05
2,32,0.1735897435897436,2,0.00010307728587694053
2,32,0.1735897435897436,3,8.270573072254487e-05
2,32,0.1735897435897436,4,7.92851814795118e-05
2,32,0.1735897435897436,5,0.00010373646231708866
2,32,0.1735897435897436,6,7.264703519292653e-05
2,32,0.1735897435897436,7,0.00011271899511388726
2,32,0.1735897435897436,8,7.543830759527547e-05
2,32,0.1735897435897436,9,8.374626633478933e-05
2,32,0.18102564102564103,0,0.00011067959760765407
2,32,0.18102564102564103,1,8.42467362076493e-05
2,32,0.18102564102564103,2,9.525648271882577e-05
2,32,0.18102564102564103,3,8.415112499434761e-05
2,32,0.18102564102564103,4,8.668720591987534e-05
2,32,0.18102564102564103,5,8.834684105838866e-05
2,32,0.18102564102564103,6,7.899698717331088e-05
2,32,0.18102564102564103,7,8.30856884715001e-05
2,32,0.18102564102564103,8,9.524437819931663e-05
2,32,0.18102564102564103,9,8.50312929105807e-05
2,32,0.18846153846153846,0,9.865942466501107e-05
2,32,0.18846153846153846,1,8.445071201413172e-05
2,32,0.18846153846153846,2,8.928426369956583e-05
2,32,0.18846153846153846,3,9.653028922002353e-05
2,32,0.18846153846153846,4,8.905463781402122e-05
2,32,0.18846153846153846,5,8.729512652067634e-05
2,32,0.18846153846153846,6,7.998960513190967e-05
2,32,0.18846153846153846,7,8.570919951180591e-05
2,32,0.18846153846153846,8,8.977581256718086e-05
2,32,0.18846153846153846,9,9.538851388772193e-05
2,32,0.1958974358974359,0,8.997284030427531e-05
2,32,0.1958974358974359,1,9.085150466991438e-05
2,32,0.1958974358974359,2,9.954498354030684e-05
2,32,0.1958974358974359,3,8.213098511324718e-05
2,32,0.1958974358974359,4,8.58526716910772e-05
2,32,0.1958974358974359,5,9.600543224241595e-05
2,32,0.1958974358974359,6,8.459651210007098e-05
2,32,0.1958974358974359,7,0.00010335571649414227
2,32,0.1958974358974359,8,0.00011698527222702206
2,32,0.1958974358974359,9,0.00010655914677399731
2,32,0.20333333333333334,0,8.593016734820855e-05
2,32,0.20333333333333334,1,8.81003138062973e-05
2,32,0.20333333333333334,2,0.00010470387734152291
2,32,0.20333333333333334,3,0.00013015858933685233
2,32,0.20333333333333334,4,9.731111856030645e-05
2,32,0.20333333333333334,5,7.167424194912091e-05
2,32,0.20333333333333334,6,9.550964215512153e-05
2,32,0.20333333333333334,7,9.445782021363163e-05
2,32,0.20333333333333334,8,9.221615492673363e-05
2,32,0.20333333333333334,9,0.00011357441726791475
2,32,0.21076923076923076,0,8.729087515033172e-05
2,32,0.21076923076923076,1,9.148229946571861e-05
2,32,0.21076923076923076,2,8.436739808569914e-05
2,32,0.21076923076923076,3,0.00012394757036040868
2,32,0.21076923076923076,4,9.476397711095343e-05
2,32,0.21076923076923076,5,0.00011469086488826971
2,32,0.21076923076923076,6,9.326732419571849e-05
2,32,0.21076923076923076,7,8.738617624560527e-05
2,32,0.21076923076923076,8,9.690127964721149e-05
2,32,0.21076923076923076,9,9.021132668377452e-05
2,32,0.21820512820512822,0,0.00012708110604844937
2,32,0.21820512820512822,1,9.90160390956589e-05
2,32,0.21820512820512822,2,0.00010918473767385683
2,32,0.21820512820512822,3,0.00012499521870838667
2,32,0.21820512820512822,4,0.0001298273055913421
2,32,0.21820512820512822,5,9.556295310389884e-05
2,32,0.21820512820512822,6,9.430261617743081e-05
2,32,0.21820512820512822,7,7.228500964106888e-05
2,32,0.21820512820512822,8,9.376929118882941e-05
2,32,0.21820512820512822,9,9.157683913312482e-05
2,32,0.22564102564102564,0,0.00010167851550235474
2,32,0.22564102564102564,1,0.0001257808943431894
2,32,0.22564102564102564,2,0.00010103858682213656
2,32,0.22564102564102564,3,9.962244851009017e-05
2,32,0.22564102564102564,4,9.750902403363345e-05
2,32,0.22564102564102564,5,8.694557667492418e-05
2,32,0.22564102564102564,6,9.830963176668677e-05
2,32,0.22564102564102564,7,9.586152840224498e-05
2,32,0.22564102564102564,8,9.540255475751814e-05
2,32,0.22564102564102564,9,0.00011158388968065462
2,32,0.23307692307692307,0,9.603796526341321e-05
2,32,0.23307692307692307,1,9.746075697005962e-05
2,32,0.23307692307692307,2,0.000111058285197658
2,32,0.23307692307692307,3,0.0001681682391127802
2,32,0.23307692307692307,4,0.00010426000465483389
2,32,0.23307692307692307,5,0.0001015485680002062
2,32,0.23307692307692307,6,0.0001121095035588364
2,32,0.23307692307692307,7,0.00011615593252346425
2,32,0.23307692307692307,8,9.56420391831643e-05
2,32,0.23307692307692307,9,0.000143889721679973
2,32,0.24051282051282052,0,0.00017346086053756716
2,32,0.24051282051282052,1,0.00012986583913407497
2,32,0.24051282051282052,2,0.00016459170658382374
2,32,0.24051282051282052,3,0.0001327536023139194
2,32,0.24051282051282052,4,0.00012881331545172147
2,32,0.24051282051282052,5,0.00011451298550901713
2,32,0.24051282051282052,6,0.00010868966976727372
2,32,0.24051282051282052,7,9.545546957870144e-05
2,32,0.24051282051282052,8,0.00013364025659575368
2,32,0.24051282051282052,9,0.00011347389949411536
2,32,0.24794871794871795,0,0.00011137705740234969
2,32,0.24794871794871795,1,0.00012644379558820947
2,32,0.24794871794871795,2,0.00021683107477213945
2,32,0.24794871794871795,3,9.866668618170622e-05
2,32,0.24794871794871795,4,0.00011012619402049181
2,32,0.24794871794871795,5,0.00012015383877083557
2,32,0.24794871794871795,6,0.00010316417686830061
2,32,0.24794871794871795,7,0.00016744990056813972
2,32,0.24794871794871795,8,9.499486382894378e-05
2,32,0.24794871794871795,9,9.430413310590645e-05
2,32,0.2553846153846154,0,0.0001060735227400352
2,32,0.2553846153846154,1,0.0001180690270416607
2,32,0.2553846153846154,2,0.00012720605102869908
2,32,0.2553846153846154,3,0.00011317234702692305
2,32,0.2553846153846154,4,9.274608453548442e-05
2,32,0.2553846153846154,5,9.954536766067144e-05
2,32,0.2553846153846154,6,0.00014963639001217086
2,32,0.2553846153846154,7,0.00011886421872423139
2,32,0.2553846153846154,8,9.941335610023577e-05
2,32,0.2553846153846154,9,0.00013996106794260315
2,32,0.26282051282051283,0,0.00012460796488007687
2,32,0.26282051282051283,1,0.00010731050959770251
2,32,0.26282051282051283,2,9.563914035368599e-05
2,32,0.26282051282051283,3,9.55479842775839e-05
2,32,0.26282051282051283,4,0.00010370447503571558
2,32,0.26282051282051283,5,0.00014182731437266356
2,32,0.26282051282051283,6,0.00014860426089771347
2,32,0.26282051282051283,7,0.00010749233582144892
2,32,0.26282051282051283,8,0.00010594366945663153
2,32,0.26282051282051283,9,0.00010638735463154473
2,32,0.2702564102564103,0,0.00013105755675372715
2,32,0.2702564102564103,1,0.00012381083220072632
2,32,0.2702564102564103,2,0.00018036217590029505
2,32,0.2702564102564103,3,0.00017445895502492126
2,32,0.2702564102564103,4,0.0001352946433281253
2,32,0.2702564102564103,5,0.00011004868702106875
2,32,0.2702564102564103,6,0.00014997064921445273
2,32,0.2702564102564103,7,0.00011756668375495529
2,32,0.2702564102564103,8,0.0001565019694054025
2,32,0.2702564102564103,9,0.0001540878926026942
2,32,0.2776923076923077,0,0.00011376206291304364
2,32,0.2776923076923077,1,0.00015475202099307823
2,32,0.2776923076923077,2,0.00016350059153700234
2,32,0.2776923076923077,3,0.00015858522113822512
2,32,0.2776923076923077,4,0.0002013433410318806
2,32,0.2776923076923077,5,0.00011067604458983033
2,32,0.2776923076923077,6,0.00015124663912110354
2,32,0.2776923076923077,7,0.00012388295441815664
2,32,0.2776923076923077,8,0.00011269678617254199
2,32,0.2776923076923077,9,0.00015040355961591612
2,32,0.28512820512820514,0,9.356126636213327e-05
2,32,0.28512820512820514,1,0.00010869376039086274
2,32,0.28512820512820514,2,0.00011973807694834113
2,32,0.28512820512820514,3,0.00014786569280974415
2,32,0.28512820512820514,4,0.00010676188353324867
2,32,0.28512820512820514,5,0.0001158118356655747
2,32,0.28512820512820514,6,9.826753586495138e-05
2,32,0.28512820512820514,7,0.00010876133777075124
2,32,0.28512820512820514,8,0.00016173299466221963
2,32,0.28512820512820514,9,0.00011898851899184849
2,32,0.2925641025641026,0,0.0001129590440613474
2,32,0.2925641025641026,1,0.00012636584094656035
2,32,0.2925641025641026,2,0.00012269668504610021
2,32,0.2925641025641026,3,0.00010718302417607631
2,32,0.2925641025641026,4,0.00013781600765998796
2,32,0.2925641025641026,5,0.00016667439468157744
2,32,0.2925641025641026,6,0.00017298097794384262
2,32,0.2925641025641026,7,0.00013956125508647155
2,32,0.2925641025641026,8,0.00016347348247859725
2,32,0.2925641025641026,9,0.00012008415946761203
2,32,0.3,0,0.00012638900017895033
2,32,0.3,1,0.0002043108013596276
2,32,0.3,2,0.00012319174247117382
2,32,0.3,3,0.00015234494820676634
2,32,0.3,4,0.00012979826595648075
2,32,0.3,5,0.00014149452261448084
2,32,0.3,6,0.00011690186445494766
2,32,0.3,7,0.00014171147941794386
2,32,0.3,8,0.00010874904424275864
2,32,0.3,9,0.00015495710105218423
4,16,0.01,0,2.2933211937699096e-06
4,16,0.01,1,2.1623286407442266e-06
4,16,0.01,2,2.093178380820494e-06
4,16,0.01,3,2.302394005605293e-06
4,16,0.01,4,2.371153191622788e-06
4,16,0.01,5,2.2025632925177905e-06
4,16,0.01,6,2.248014387148285e-06
4,16,0.01,7,2.3094310347522644e-06
4,16,0.01,8,2.1903558745619984e-06
4,16,0.01,9,2.2503768267475816e-06
4,16,0.017435897435897435,0,2.347004721613761e-06
4,16,0.017435897435897435,1,2.2737194667146066e-06
4,16,0.017435897435897435,2,2.547837208571934e-06
4,16,0.017435897435897435,3,2.3827750652951244e-06
4,16,0.017435897435897435,4,2.3968242384910323e-06
4,16,0.017435897435897435,5,2.5898211015289953e-06
4,16,0.017435897435897435,6,2.416148688021123e-06
4,16,0.017435897435897435,7,2.3438574039098217e-06
4,16,0.017435897435897435,8,2.5153624637719015e-06
4,16,0.017435897435897435,9,2.49457994777926e-06
4,16,0.02487179487179487,0,2.516003755907997e-06
4,16,0.02487179487179487,1,2.5199828208747804e-06
4,16,0.02487179487179487,2,2.7351368355786592e-06
4,16,0.02487179487179487,3,2.185717714358133e-06
4,16,0.02487179487179487,4,2.559735077354751e-06
4,16,0.02487179487179487,5,2.6424703952748812e-06
4,16,0.02487179487179487,6,2.7516184241600003e-06
4,16,0.02487179487179487,7,2.575190478596589e-06
4,16,0.02487179487179487,8,2.5523274877494132e-06
4,16,0.02487179487179487,9,2.6162620150267665e-06
4,16,0.03230769230769231,0,3.1369068881399967e-06
4,16,0.03230769230769231,1,3.220078164001879e-06
4,16,0.03230769230769231,2,3.0410165129319556e-06
4,16,0.03230769230769231,3,2.7432375418803103e-06
4,16,0.03230769230769231,4,3.1042071441810105e-06
4,16,0.03230769230769231,5,2.693022484013543e-06
4,16,0.03230769230769231,6,2.883072638657333e-06
4,16,0.03230769230769231,7,3.0292925831448717e-06
4,16,0.03230769230769231,8,2.53926000754504e-06
4,16,0.03230769230769231,9,3.0144541305592297e-06
4,16,0.03974358974358974,0,3.0310505909718333e-06
4,16,0.03974358974358974,1,3.6220327796302508e-06
4,16,0.03974358974358974,2,2.925279742360318e-06
4,16,0.03974358974358974,3,2.877723990538389e-06
4,16,0.03974358974358974,4,3.318139056679241e-06
4,16,0.03974358974358974,5,3.661411019045432e-06
4,16,0.03974358974358974,6,3.2861708585083557e-06
4,16,0.03974358974358974,7,3.3222887703653737e-06
4,16,0.03974358974358974,8,3.2225923360044516e-06
4,16,0.03974358974358974,9,3.922184628947916e-06
4,16,0.04717948717948718,0,3.751233341726255e-06
4,16,0.04717948717948718,1,3.338817628413106e-06
4,16,0.04717948717948718,2,3.2169681866423096e-06
4,16,0.04717948717948718,3,3.1436182562779526e-06
4,16,0.04717948717948718,4,3.596287086218942e-06
4,16,0.04717948717948718,5,4.518705513802672e-06
4,16,0.04717948717948718,6,3.6673152195242828e-06
4,16,0.04717948717948718,7,3.301034752478813e-06
4,16,0.04717948717948718,8,4.194132023288951e-06
4,16,0.04717948717948718,9,3.7337711774757074e-06
4,16,0.054615384615384614,0,3.988453709511359e-06
4,16,0.054615384615384614,1,3.604990722864679e-06
4,16,0.054615384615384614,2,3.729970351151344e-06
4,16,0.054615384615384614,3,3.6285513303791575e-06
4,16,0.054615384615384614,4,3.6889227729419036e-06
4,16,0.054615384615384614,5,4.100631441171648e-06
4,16,0.054615384615384614,6,4.271435981388122e-06
4,16,0.054615384615384614,7,4.971155837447981e-06
4,16,0.054615384615384614,8,3.7680444393314577e-06
4,16,0.054615384615384614,9,3.726247100180703e-06
4,16,0.062051282051282054,0,4.309759671537623e-06
4,16,0.062051282051282054,1,5.154393390591546e-06
4,16,0.062051282051282054,2,3.791944868661597e-06
4,16,0.062051282051282054,3,4.640112810468081e-06
4,16,0.062051282051282054,4,4.234555081953225e-06
4,16,0.062051282051282054,5,4.10624191409952e-06
4,16,0.062051282051282054,6,5.11373813454606e-06
4,16,0.062051282051282054,7,4.376535858627288e-06
4,16,0.062051282051282054,8,5.600648431695863e-06
4,16,0.062051282051282054,9,4.071576440907271e-06
4,16,0.06948717948717949,0,5.141453286111654e-06
4,16,0.06948717948717949,1,4.6439678697947525e-06
4,16,0.06948717948717949,2,4.914067407400891e-06
4,16,0.06948717948717949,3,3.776012652230715e-06
4,16,0.06948717948717949,4,6.01723424936157e-06
4,16,0.06948717948717949,5,7.3261121384154746e-06
4,16,0.06948717948717949,6,6.09928076659993e-06
4,16,0.06948717948717949,7,5.024840082643091e-06
4,16,0.06948717948717949,8,4.9116831834062146e-06
4,16,0.06948717948717949,9,4.8276809257229e-06
4,16,0.07692307692307691,0,6.333616640659887e-06
4,16,0.07692307692307691,1,5.603055021273266e-06
4,16,0.07692307692307691,2,5.745297913653497e-06
4,16,0.07692307692307691,3,5.56970901053074e-06
4,16,0.07692307692307691,4,5.856624497543565e-06
4,16,0.07692307692307691,5,6.627642234401109e-06
4,16,0.07692307692307691,6,5.070769696896943e-06
4,16,0.07692307692307691,7,5.777311448161849e-06
4,16,0.07692307692307691,8,5.79473959018214e-06
4,16,0.07692307692307691,9,5.5333405760235685e-06
4,16,0.08435897435897435,0,5.718583993628034e-06
4,16,0.08435897435897435,1,6.801876682704904e-06
4,16,0.08435897435897435,2,5.720746220662835e-06
4,16,0.08435897435897435,3,5.42318562775507e-06
4,16,0.08435897435897435,4,5.038786236034517e-06
4,16,0.08435897435897435,5,4.957607189982217e-06
4,16,0.08435897435897435,6,6.924348696401867e-06
4,16,0.08435897435897435,7,5.603237161637841e-06
4,16,0.08435897435897435,8,6.148281040993333e-06
4,16,0.08435897435897435,9,5.505434954293583e-06
4,16,0.0917948717948718,0,7.69700975489801e-06
4,16,0.0917948717948718,1,8.540468438024344e-06
4,16,0.0917948717948718,2,6.217472302645264e-06
4,16,0.0917948717948718,3,5.640237911202313e-06
4,16,0.0917948717948718,4,7.553679359510454e-06
4,16,0.0917948717948718,5,6.5462617835086715e-06
4,16,0.0917948717948718,6,6.3327929020894675e-06
4,16,0.0917948717948718,7,9.250956024010336e-06
4,16,0.0917948717948718,8,7.805756604522887e-06
4,16,0.0917948717948718,9,7.1536436233011456e-06
4,16,0.09923076923076922,0,1.09888210343456e-05
4,16,0.09923076923076922,1,9.464648651758616e-06
4,16,0.09923076923076922,2,9.639195412283703e-06
4,16,0.09923076923076922,3,8.191459389265559e-06
4,16,0.09923076923076922,4,1.1014700482927032e-05
4,16,0.09923076923076922,5,8.25564536775948e-06
4,16,0.09923076923076922,6,7.845228459697466e-06
4,16,0.09923076923076922,7,8.393800944997616e-06
4,16,0.09923076923076922,8,8.344839404203062e-06
4,16,0.09923076923076922,9,8.520704857884975e-06
4,16,0.10666666666666666,0,8.69547359927794e-06
4,16,0.10666666666666666,1,9.292396564238013e-06
4,16,0.10666666666666666,2,1.0494015118811844e-05
4,16,0.10666666666666666,3,8.535873539473345e-06
4,16,0.10666666666666666,4,9.99725790105089e-06
4,16,0.10666666666666666,5,9.328216540097549e-06
4,16,0.10666666666666666,6,8.470162501145309e-06
4,16,0.10666666666666666,7,6.813410798585543e-06
4,16,0.10666666666666666,8,1.198736359133848e-05
4,16,0.10666666666666666,9,1.0402777026335403e-05
4,16,0.1141025641025641,0,8.323103389808172e-06
4,16,0.1141025641025641,1,6.938291833044979e-06
4,16,0.1141025641025641,2,1.1549460169163558e-05
4,16,0.1141025641025641,3,1.1337510042403554e-05
4,16,0.1141025641025641,4,9.864348959343149e-06
4,16,0.1141025641025641,5,9.316664951203148e-06
4,16,0.1141025641025641,6,8.489613372965821e-06
4,16,0.1141025641025641,7,9.73021314036992e-06
4,16,0.1141025641025641,8,9.91416973127259e-06
4,16,0.1141025641025641,9,1.1102782471383819e-05
4,16,0.12153846153846153,0,8.47485509723356e-06
4,16,0.12153846153846153,1,1.2118968319288634e-05
4,16,0.12153846153846153,2,9.372206812230802e-06
4,16,0.12153846153846153,3,1.0787127936322408e-05
4,16,0.12153846153846153,4,1.1023474062335373e-05
4,16,0.12153846153846153,5,1.9602307503065823e-05
4,16,0.12153846153846153,6,1.1018899373656992e-05
4,16,0.12153846153846153,7,1.7435801279230604e-05
4,16,0.12153846153846153,8,1.2289103677023816e-05
4,16,0.12153846153846153,9,8.42515258349478e-06
4,16,0.12897435897435897,0,1.4240500656990284e-05
4,16,0.12897435897435897,1,1.194647630535751e-05
4,16,0.12897435897435897,2,1.7782465123708968e-05
4,16,0.12897435897435897,3,1.2963557283466435e-05
4,16,0.12897435897435897,4,1.3496844595471976e-05
4,16,0.12897435897435897,5,1.4558393987097912e-05
4,16,0.12897435897435897,6,1.358686213435095e-05
4,16,0.12897435897435897,7,1.6693260946812414e-05
4,16,0.12897435897435897,8,1.0550886990653622e-05
4,16,0.12897435897435897,9,1.0756189933142732e-05
4,16,0.13641025641025642,0,9.105140385794085e-06
4,16,0.13641025641025642,1,1.4537815404909312e-05
4,16,0.13641025641025642,2,1.7630153910557776e-05
4,16,0.13641025641025642,3,2.1023018986713896e-05
4,16,0.13641025641025642,4,1.1400134172809903e-05
4,16,0.13641025641025642,5,1.182634082017123e-05
4,16,0.13641025641025642,6,1.1988992256314199e-05
4,16,0.13641025641025642,7,1.3011215515501088e-05
4,16,0.13641025641025642,8,1.3021889394584218e-05
4,16,0.13641025641025642,9,1.4554384852179516e-05
4,16,0.14384615384615385,0,2.8053727599145024e-05
4,16,0.14384615384615385,1,1.3185129009034602e-05
4,16,0.14384615384615385,2,1.3363487289534496e-05
4,16,0.14384615384615385,3,2.1064834245913504e-05
4,16,0.14384615384615385,4,1.3840190117991479e-05
4,16,0.14384615384615385,5,1.664197820161133e-05
4,16,0.14384615384615385,6,1.3390913101599508e-05
4,16,0.14384615384615385,7,1.3647459718638516e-05
4,16,0.14384615384615385,8,1.293829506201089e-05
4,16,0.14384615384615385,9,1.4428324524700403e-05
4,16,0.1512820512820513,0,1.6755094250518233e-05
4,16,0.1512820512820513,1,1.843162594848217e-05
4,16,0.1512820512820513,2,1.4685166297960265e-05
4,16,0.1512820512820513,3,1.460248070665882e-05
4,16,0.1512820512820513,4,1.801655760323124e-05
4,16,0.1512820512820513,5,1.7167752223490325e-05
4,16,0.1512820512820513,6,2.006617381113115e-05
4,16,0.1512820512820513,7,1.3388917343709263e-05
4,16,0.1512820512820513,8,2.4745319728263082e-05
4,16,0.1512820512820513,9,1.6885244192026444e-05
4,16,0.15871794871794873,0,2.2148961285095285e-05
4,16,0.15871794871794873,1,1.6328163088281897e-05
4,16,0.15871794871794873,2,1.4436416572646304e-05
4,16,0.15871794871794873,3,1.592452715414081e-05
4,16,0.15871794871794873,4,2.7374125404655097e-05
4,16,0.15871794871794873,5,1.687785714064202e-05
4,16,0.15871794871794873,6,2.0703371894721105e-05
4,16,0.15871794871794873,7,2.238512378331524e-05
4,16,0.15871794871794873,8,2.566850386433539e-05
4,16,0.15871794871794873,9,1.0573627808972623e-05
4,16,0.16615384615384615,0,2.3031585230774076e-05
4,16,0.16615384615384615,1,2.115554331325917e-05
4,16,0.16615384615384615,2,1.431328656822789e-05
4,16,0.16615384615384615,3,1.7298346504144987e-05
4,16,0.16615384615384615,4,1.926531000337326e-05
4,16,0.16615384615384615,5,1.8623716076415755e-05
4,16,0.16615384615384615,6,1.5713295100858358e-05
4,16,0.16615384615384615,7,2.5110939406353723e-05
4,16,0.16615384615384615,8,2.9725819821444297e-05
4,16,0.16615384615384615,9,1.2374914778794762e-05
4,16,0.1735897435897436,0,2.1621930610873744e-05
4,16,0.1735897435897436,1,1.5043031419383813e-05
4,16,0.1735897435897436,2,2.5390009762140358e-05
4,16,0.1735897435897436,3,1.531628076778835e-05
4,16,0.1735897435897436,4,1.7231197754201233e-05
4,16,0.1735897435897436,5,2.5199967500717617e-05
4,16,0.1735897435897436,6,1.799272906662269e-05
4,16,0.1735897435897436,7,3.437995600586557e-05
4,16,0.1735897435897436,8,1.8958076379419808e-05
4,16,0.1735897435897436,9,1.5391207871984344e-05
4,16,0.18102564102564103,0,2.742327450221389e-05
4,16,0.18102564102564103,1,2.2311697419168088e-05
4,16,0.18102564102564103,2,2.8929628929761068e-05
4,16,0.18102564102564103,3,1.698184772855375e-05
4,16,0.18102564102564103,4,1.9938571592687618e-05
4,16,0.18102564102564103,5,2.9421179270415487e-05
4,16,0.18102564102564103,6,2.6004458798040135e-05
4,16,0.18102564102564103,7,1.7014789944631968e-05
4,16,0.18102564102564103,8,2.850968940920708e-05
4,16,0.18102564102564103,9,1.776077999269682e-05
4,16,0.18846153846153846,0,2.3749872203791642e-05
4,16,0.18846153846153846,1,2.6578825705994178e-05
4,16,0.18846153846153846,2,2.1833609916901583e-05
4,16,0.18846153846153846,3,4.465545740154331e-05
4,16,0.18846153846153846,4,2.8313220455196265e-05
4,16,0.18846153846153846,5,1.6718717441774485e-05
4,16,0.18846153846153846,6,2.2461991955847663e-05
4,16,0.18846153846153846,7,2.499521313776509e-05
4,16,0.18846153846153846,8,2.547968694505486e-05
4,16,0.18846153846153846,9,2.4718215452911923e-05
4,16,0.1958974358974359,0,2.6318306458718785e-05
4,16,0.1958974358974359,1,2.252917624634097e-05
4,16,0.1958974358974359,2,1.4706717251148185e-05
4,16,0.1958974358974359,3,2.407290870195142e-05
4,16,0.1958974358974359,4,2.023151949352775e-05
4,16,0.1958974358974359,5,2.7083327382308537e-05
4,16,0.1958974358974359,6,1.857062908718614e-05
4,16,0.1958974358974359,7,3.6581587691982184e-05
4,16,0.1958974358974359,8,3.581589117257673e-05
4,16,0.1958974358974359,9,2.37133253880134e-05
4,16,0.20333333333333334,0,2.544900771414003e-05
4,16,0.20333333333333334,1,2.7471356695938247e-05
4,16,0.20333333333333334,2,3.5421501642456915e-05
4,16,0.20333333333333334,3,4.2994476166567746e-05
4,16,0.20333333333333334,4,2.3830842546865017e-05
4,16,0.20333333333333334,5,1.2295786001997156e-05
4,16,0.20333333333333334,6,2.524345555785802e-05
4,16,0.20333333333333334,7,2.9015589958630084e-05
4,16,0.20333333333333334,8,2.197340417939689e-05
4,16,0.20333333333333334,9,5.456109624188376e-05
4,16,0.21076923076923076,0,2.2315955759714555e-05
4,16,0.21076923076923076,1,2.5403057597482248e-05
4,16,0.21076923076923076,2,1.8023377485814305e-05
4,16,0.21076923076923076,3,2.7365318518177667e-05
4,16,0.21076923076923076,4,2.463955729912793e-05
4,16,0.21076923076923076,5,2.7760686527006222e-05
4,16,0.21076923076923076,6,2.3566042121037643e-05
4,16,0.21076923076923076,7,2.4355756450205338e-05
4,16,0.21076923076923076,8,2.7579953993070357e-05
4,16,0.21076923076923076,9,2.410742735217704e-05
4,16,0.21820512820512822,0,3.617300823172081e-05
4,16,0.21820512820512822,1,3.8819954141793415e-05
4,16,0.21820512820512822,2,3.491507487952338e-05
4,16,0.21820512820512822,3,3.173563469427719e-05
4,16,0.21820512820512822,4,2.9532404296957296e-05
4,16,0.21820512820512822,5,2.4329123868184248e-05
4,16,0.21820512820512822,6,3.691816460788437e-05
4,16,0.21820512820512822,7,2.00134063407639e-05
4,16,0.21820512820512822,8,2.9883357549381238e-05
4,16,0.21820512820512822,9,2.438056862422103e-05
4,16,0.22564102564102564,0,2.4972989742475735e-05
4,16,0.22564102564102564,1,3.773939883297456e-05
4,16,0.22564102564102564,2,3.168885457136599e-05
4,16,0.22564102564102564,3,3.438051609180886e-05
4,16,0.22564102564102564,4,3.414434651195127e-05
4,16,0.22564102564102564,5,3.2934078949786684e-05
4,16,0.22564102564102564,6,3.445915827433359e-05
4,16,0.22564102564102564,7,3.6507227654856475e-05
4,16,0.22564102564102564,8,3.4588466169022866e-05
4,16,0.22564102564102564,9,3.171576094829826e-05
4,16,0.23307692307692307,0,3.066532624785671e-05
4,16,0.23307692307692307,1,3.717720062276162e-05
4,16,0.23307692307692307,2,4.5819249358269096e-05
4,16,0.23307692307692307,3,5.431666447870477e-05
4,16,0.23307692307692307,4,3.750304557090011e-05
4,16,0.23307692307692307,5,4.2222704478385685e-05
4,16,0.23307692307692307,6,4.108340219752589e-05
4,16,0.23307692307692307,7,3.5369278448270226e-05
4,16,0.23307692307692307,8,3.3400615963305364e-05
4,16,0.23307692307692307,9,3.370079913146813e-05
4,16,0.24051282051282052,0,4.602691005013669e-05
4,16,0.24051282051282052,1,4.00462471889112e-05
4,16,0.24051282051282052,2,4.36765754346171e-05
4,16,0.24051282051282052,3,5.298926267130579e-05
4,16,0.24051282051282052,4,6.241644773247082e-05
4,16,0.24051282051282052,5,3.240569936403257e-05
4,16,0.24051282051282052,6,3.744848813481778e-05
4,16,0.24051282051282052,7,2.9245202119868502e-05
4,16,0.24051282051282052,8,3.247261638528313e-05
4,16,0.24051282051282052,9,3.522734978925733e-05
4,16,0.24794871794871795,0,3.824474050584009e-05
4,16,0.24794871794871795,1,5.373845208301102e-05
4,16,0.24794871794871795,2,7.390122765728419e-05
4,16,0.24794871794871795,3,3.372990774921492e-05
4,16,0.24794871794871795,4,4.381743996003801e-05
4,16,0.24794871794871795,5,4.8959640732762416e-05
4,16,0.24794871794871795,6,2.6720217443651347e-05
4,16,0.24794871794871795,7,6.68416126779735e-05
4,16,0.24794871794871795,8,2.9875469843933238e-05
4,16,0.24794871794871795,9,3.3201847129262635e-05
4,16,0.2553846153846154,0,2.4699554913866138e-05
4,16,0.2553846153846154,1,5.6028318885916675e-05
4,16,0.2553846153846154,2,2.799744644262595e-05
4,16,0.2553846153846154,3,4.621042099195427e-05
4,16,0.2553846153846154,4,3.175669123379739e-05
4,16,0.2553846153846154,5,3.17393887526473e-05
4,16,0.2553846153846154,6,6.872168056772327e-05
4,16,0.2553846153846154,7,4.415270771605985e-05
4,16,0.2553846153846154,8,3.178141686990387e-05
4,16,0.2553846153846154,9,7.268299875363643e-05
4,16,0.26282051282051283,0,4.5564218681588204e-05
4,16,0.26282051282051283,1,4.7331260761190626e-05
4,16,0.26282051282051283,2,2.465065330293608e-05
4,16,0.26282051282051283,3,3.736168866094806e-05
4,16,0.26282051282051283,4,3.458683117261715e-05
4,16,0.26282051282051283,5,5.1857908790555764e-05
4,16,0.26282051282051283,6,5.71031063980258e-05
4,16,0.26282051282051283,7,3.727788219921953e-05
4,16,0.26282051282051283,8,4.962270447325342e-05
4,16,0.26282051282051283,9,3.5672025221061134e-05
4,16,0.2702564102564103,0,4.954001627184092e-05
4,16,0.2702564102564103,1,3.496945806531504e-05
4,16,0.2702564102564103,2,7.639791714321864e-05
4,16,0.2702564102564103,3,7.111949732009517e-05
4,16,0.2702564102564103,4,3.8097721410308015e-05
4,16,0.2702564102564103,5,5.34352367786133e-05
4,16,0.2702564102564103,6,5.279911459913494e-05
4,16,0.2702564102564103,7,4.3135205781387e-05
4,16,0.2702564102564103,8,5.284930314904424e-05
4,16,0.2702564102564103,9,7.181335940372131e-05
4,16,0.2776923076923077,0,4.118571626831779e-05
4,16,0.2776923076923077,1,5.7492081849473255e-05
4,16,0.2776923076923077,2,4.954976722634134e-05
4,16,0.2776923076923077,3,6.337480315965283e-05
4,16,0.2776923076923077,4,9.153804618245774e-05
4,16,0.2776923076923077,5,5.23682463653966e-05
4,16,0.2776923076923077,6,4.694335324555104e-05
4,16,0.2776923076923077,7,3.9265745828112734e-05
4,16,0.2776923076923077,8,5.5476900244263794e-05
4,16,0.2776923076923077,9,4.692569769918477e-05
4,16,0.28512820512820514,0,2.4089286677437417e-05
4,16,0.28512820512820514,1,5.368605109339873e-05
4,16,0.28512820512820514,2,4.909897178306119e-05
4,16,0.28512820512820514,3,6.0830024230170284e-05
4,16,0.28512820512820514,4,3.582724258925264e-05
4,16,0.28512820512820514,5,4.1936229960542585e-05
4,16,0.28512820512820514,6,2.69760328958968e-05
4,16,0.28512820512820514,7,3.7128224858142286e-05
4,16,0.28512820512820514,8,6.260258973093244e-05
4,16,0.28512820512820514,9,4.12781565465845e-05
4,16,0.2925641025641026,0,4.755353896529839e-05
4,16,0.2925641025641026,1,5.161823953080903e-05
4,16,0.2925641025641026,2,3.772646957452229e-05
4,16,0.2925641025641026,3,3.1413133157898254e-05
4,16,0.2925641025641026,4,7.660118377000274e-05
4,16,0.2925641025641026,5,7.350146682139752e-05
4,16,0.2925641025641026,6,6.529134655719431e-05
4,16,0.2925641025641026,7,4.932851168630864e-05
4,16,0.2925641025641026,8,6.671648271452093e-05
4,16,0.2925641025641026,9,3.531296583858989e-05
4,16,0.3,0,4.441040327999043e-05
4,16,0.3,1,0.00010004940874480346
4,16,0.3,2,4.282962866930411e-05
4,16,0.3,3,5.2996278638118274e-05
4,16,0.3,4,6.256998581706522e-05
4,16,0.3,5,4.924818515897813e-05
4,16,0.3,6,3.758046949377489e-05
4,16,0.3,7,6.693957977151498e-05
4,16,0.3,8,2.8646790747002304e-05
4,16,0.3,9,5.385750928815976e-05
8,8,0.01,0,2.847158067386072e-06
8,8,0.01,1,3.055812213628556e-06
8,8,0.01,2,3.0929222060185965e-06
8,8,0.01,3,3.1074112165979965e-06
8,8,0.01,4,3.017773450245651e-06
8,8,0.01,5,2.880111687439651e-06
8,8,0.01,6,3.1519741506746144e-06
8,8,0.01,7,2.9568755553668038e-06
8,8,0.01,8,2.9612697468816407e-06
8,8,0.01,9,2.8886929648710796e-06
8,8,0.017435897435897435,0,3.246510087858599e-06
8,8,0.017435897435897435,1,3.2023112280971105e-06
8,8,0.017435897435897435,2,3.0928445452799202e-06
8,8,0.017435897435897435,3,3.203729319317622e-06
8,8,0.017435897435897435,4,2.959514026516288e-06
8,8,0.017435897435897435,5,3.031614597195664e-06
8,8,0.017435897435897435,6,2.9526540727666876e-06
8,8,0.017435897435897435,7,2.966782420154461e-06
8,8,0.017435897435897435,8,3.2055026130948593e-06
8,8,0.017435897435897435,9,3.1399827402702828e-06
8,8,0.02487179487179487,0,3.618290137367956e-06
8,8,0.02487179487179487,1,3.4725131537264836e-06
8,8,0.02487179487179487,2,3.6141876754512504e-06
8,8,0.02487179487179487,3,3.2154583131056117e-06
8,8,0.02487179487179487,4,3.4263749850060217e-06
8,8,0.02487179487179487,5,3.6613369642031683e-06
8,8,0.02487179487179487,6,3.269605058521625e-06
8,8,0.02487179487179487,7,3.4411299712901142e-06
8,8,0.02487179487179487,8,3.068809424465649e-06
8,8,0.02487179487179487,9,3.454884315612916e-06
8,8,0.03230769230769231,0,3.7297256165186415e-06
8,8,0.03230769230769231,1,4.080271951819162e-06
8,8,0.03230769230769231,2,4.008319490981902e-06
8,8,0.03230769230769231,3,3.509720225012437e-06
8,8,0.03230769230769231,4,3.690684990257867e-06
8,8,0.03230769230769231,5,3.9013288628123886e-06
8,8,0.03230769230769231,6,3.724421579478501e-06
8,8,0.03230769230769231,7,3.7456158648244885e-06
8,8,0.03230769230769231,8,3.3092623888316463e-06
8,8,0.03230769230769231,9,3.4015637520088756e-06
8,8,0.03974358974358974,0,3.7982155757049734e-06
8,8,0.03974358974358974,1,4.038216089323513e-06
8,8,0.03974358974358974,2,4.183854446855232e-06
8,8,0.03974358974358974,3,4.212465348407978e-06
8,8,0.03974358974358974,4,4.0559836555270174e-06
8,8,0.03974358974358974,5,3.926439176286394e-06
8,8,0.03974358974358974,6,4.410925255968864e-06
8,8,0.03974358974358974,7,4.443813281499589e-06
8,8,0.03974358974358974,8,3.999612618555443e-06
8,8,0.03974358974358974,9,4.672350100436478e-06
8,8,0.04717948717948718,0,5.576981336458603e-06
8,8,0.04717948717948718,1,4.542250268144894e-06
8,8,0.04717948717948718,2,4.256786098826898e-06
8,8,0.04717948717948718,3,3.9504098963195845e-06
8,8,0.04717948717948718,4,4.231792779252856e-06
8,8,0.04717948717948718,5,5.6972773131356505e-06
8,8,0.04717948717948718,6,5.626122097616425e-06
8,8,0.04717948717948718,7,4.608421129804245e-06
8,8,0.04717948717948718,8,5.935733267743484e-06
8,8,0.04717948717948718,9,4.528927837031784e-06
8,8,0.054615384615384614,0,5.320372621700253e-06
8,8,0.054615384615384614,1,5.576608738255126e-06
8,8,0.054615384615384614,2,4.848647624980777e-06
8,8,0.054615384615384614,3,4.510490872709448e-06
8,8,0.054615384615384614,4,5.375785045745437e-06
8,8,0.054615384615384614,5,6.199694600180447e-06
8,8,0.054615384615384614,6,5.434282238964051e-06
8,8,0.054615384615384614,7,6.21640490613823e-06
8,8,0.054615384615384614,8,5.2116419532497056e-06
8,8,0.054615384615384614,9,5.1119511370776005e-06
8,8,0.062051282051282054,0,6.496892994899337e-06
8,8,0.062051282051282054,1,6.669362087712117e-06
8,8,0.062051282051282054,2,4.926098232778771e-06
8,8,0.062051282051282054,3,5.901378892053015e-06
8,8,0.062051282051282054,4,5.545159007886786e-06
8,8,0.062051282051282054,5,5.2920503615466805e-06
8,8,0.062051282051282054,6,6.075347887152456e-06
8,8,0.062051282051282054,7,5.995911017101825e-06
8,8,0.062051282051282054,8,6.3740162071832745e-06
8,8,0.062051282051282054,9,6.53306915921133e-06
8,8,0.06948717948717949,0,6.171131263956277e-06
8,8,0.06948717948717949,1,7.125708391055812e-06
8,8,0.06948717948717949,2,6.455696122862639e-06
8,8,0.06948717948717949,3,6.1268333331856875e-06
8,8,0.06948717948717949,4,8.38849854201992e-06
8,8,0.06948717948717949,5,8.174214754835226e-06
8,8,0.06948717948717949,6,6.99233693793435e-06
8,8,0.06948717948717949,7,7.094067094352158e-06
8,8,0.06948717948717949,8,6.644872121454552e-06
8,8,0.06948717948717949,9,5.64601501131384e-06
8,8,0.07692307692307691,0,8.12998027609381e-06
8,8,0.07692307692307691,1,8.698898643878068e-06
8,8,0.07692307692307691,2,7.571461751458861e-06
8,8,0.07692307692307691,3,6.558484109721832e-06
8,8,0.07692307692307691,4,8.83002336919899e-06
8,8,0.07692307692307691,5,7.157102097654277e-06
8,8,0.07692307692307691,6,7.0323572491338465e-06
8,8,0.07692307692307691,7,9.484175086729555e-06
8,8,0.07692307692307691,8,7.634652287852035e-06
8,8,0.07692307692307691,9,8.740192931759447e-06
8,8,0.08435897435897435,0,7.216971163840435e-06
8,8,0.08435897435897435,1,9.312553217001653e-06
8,8,0.08435897435897435,2,7.830953439116437e-06
8,8,0.08435897435897435,3,6.44143026214407e-06
8,8,0.08435897435897435,4,7.735909204893886e-06
8,8,0.08435897435897435,5,7.258379831619993e-06
8,8,0.08435897435897435,6,1.0216587202608727e-05
8,8,0.08435897435897435,7,7.876961232072873e-06
8,8,0.08435897435897435,8,7.29721505212095e-06
8,8,0.08435897435897435,9,8.087142097890104e-06
8,8,0.0917948717948718,0,9.165432581852283e-06
8,8,0.0917948717948718,1,1.0704490325682166e-05
8,8,0.0917948717948718,2,9.852530313581446e-06
8,8,0.0917948717948718,3,9.740970865275902e-06
8,8,0.0917948717948718,4,1.0442773111614847e-05
8,8,0.0917948717948718,5,8.707513902454115e-06
8,8,0.0917948717948718,6,8.67579496925887e-06
8,8,0.0917948717948718,7,1.16991677575826e-05
8,8,0.0917948717948718,8,1.1027869970708997e-05
8,8,0.0917948717948718,9,1.1237834236897015e-05
8,8,0.09923076923076922,0,1.390264210241494e-05
8,8,0.09923076923076922,1,1.1407490667963541e-05
8,8,0.09923076923076922,2,1.2077416592181006e-05
8,8,0.09923076923076922,3,1.1825683822236723e-05
8,8,0.09923076923076922,4,1.4645206262825858e-05
8,8,0.09923076923076922,5,1.0538797491564217e-05
8,8,0.09923076923076922,6,1.1561939783394976e-05
8,8,0.09923076923076922,7,1.0006676769174358e-05
8,8,0.09923076923076922,8,1.0480172444012733e-05
8,8,0.09923076923076922,9,1.4588216470306927e-05
8,8,0.10666666666666666,0,1.1236350932806505e-05
8,8,0.10666666666666666,1,1.2420338761830876e-05
8,8,0.10666666666666666,2,1.2022499909785582e-05
8,8,0.10666666666666666,3,1.1624041447873714e-05
8,8,0.10666666666666666,4,1.243423779557767e-05
8,8,0.10666666666666666,5,1.205965427144007e-05
8,8,0.10666666666666666,6,1.0493846497820855e-05
8,8,0.10666666666666666,7,9.680211998384825e-06
8,8,0.10666666666666666,8,1.4965883804575958e-05
8,8,0.10666666666666666,9,1.4225466163020608e-05
8,8,0.1141025641025641,0,1.1596558196083697e-05
8,8,0.1141025641025641,1,1.1161059631789063e-05
8,8,0.1141025641025641,2,1.3349564508524192e-05
8,8,0.1141025641025641,3,1.5797732659314248e-05
8,8,0.1141025641025641,4,1.2716909801057764e-05
8,8,0.1141025641025641,5,1.2232491925773852e-05
8,8,0.1141025641025641,6,1.1097508745248815e-05
8,8,0.1141025641025641,7,1.4860661739276943e-05
8,8,0.1141025641025641,8,1.357435368445295e-05
8,8,0.1141025641025641,9,1.4817752210015149e-05
8,8,0.12153846153846153,0,1.1860736168815728e-05
8,8,0.12153846153846153,1,1.8677432112098982e-05
8,8,0.12153846153846153,2,1.5075741508108766e-05
8,8,0.12153846153846153,3,1.476722076268359e-05
8,8,0.12153846153846153,4,1.3053407400233307e-05
8,8,0.12153846153846153,5,2.4090011561888875e-05
8,8,0.12153846153846153,6,1.3938654247202017e-05
8,8,0.12153846153846153,7,1.8707870921726788e-05
8,8,0.12153846153846153,8,1.6747577442662487e-05
8,8,0.12153846153846153,9,1.249773095142297e-05
8,8,0.12897435897435897,0,2.1055460543096617e-05
8,8,0.12897435897435897,1,1.5548081937781807e-05
8,8,0.12897435897435897,2,2.241281945425202e-05
8,8,0.12897435897435897,3,1.8111817213283653e-05
8,8,0.12897435897435897,4,1.772862276570167e-05
8,8,0.12897435897435897,5,1.8008507897545487e-05
8,8,0.12897435897435897,6,1.6440918592278416e-05
8,8,0.12897435897435897,7,1.930562547840695e-05
8,8,0.12897435897435897,8,1.5402741103726116e-05
8,8,0.12897435897435897,9,1.910866496961917e-05
8,8,0.13641025641025642,0,1.3630540635113598e-05
8,8,0.13641025641025642,1,1.5551783079771014e-05
8,8,0.13641025641025642,2,2.0942582333003454e-05
8,8,0.13641025641025642,3,3.204415060479482e-05
8,8,0.13641025641025642,4,1.7063601302709843e-05
8,8,0.13641025641025642,5,2.1109124201858556e-05
8,8,0.13641025641025642,6,1.5857678144993008e-05
8,8,0.13641025641025642,7,1.638118452010413e-05
8,8,0.13641025641025642,8,1.7860762232642278e-05
8,8,0.13641025641025642,9,1.5882987675544054e-05
8,8,0.14384615384615385,0,3.5878955456208e-05
8,8,0.14384615384615385,1,2.349108841976091e-05
8,8,0.14384615384615385,2,1.9421054396318456e-05
8,8,0.14384615384615385,3,2.597268327739724e-05
8,8,0.14384615384615385,4,2.141781048136224e-05
8,8,0.14384615384615385,5,2.3827640175658345e-05
8,8,0.14384615384615385,6,2.3380254289137456e-05
8,8,0.14384615384615385,7,1.6059765489160652e-05
8,8,0.14384615384615385,8,1.6664147666278787e-05
8,8,0.14384615384615385,9,1.6277954020739822e-05
8,8,0.1512820512820513,0,2.7065451482378456e-05
8,8,0.1512820512820513,1,2.6040274706250194e-05
8,8,0.1512820512820513,2,2.254445580848224e-05
8,8,0.1512820512820513,3,1.8183078437961318e-05
8,8,0.1512820512820513,4,2.116926974686239e-05
8,8,0.1512820512820513,5,2.6310241574350575e-05
8,8,0.1512820512820513,6,2.7341222992177517e-05
8,8,0.1512820512820513,7,1.879298560195608e-05
8,8,0.1512820512820513,8,2.915911056952571e-05
8,8,0.1512820512820513,9,2.2634149095178766e-05
8,8,0.15871794871794873,0,2.5653060530265465e-05
8,8,0.15871794871794873,1,2.2162751814693216e-05
8,8,0.15871794871794873,2,2.8315503352982832e-05
8,8,0.15871794871794873,3,2.2644664575413474e-05
8,8,0.15871794871794873,4,2.84000611381826e-05
8,8,0.15871794871794873,5,2.3162612244475095e-05
8,8,0.15871794871794873,6,2.172625255451601e-05
8,8,0.15871794871794873,7,3.118292876726764e-05
8,8,0.15871794871794873,8,4.0678385090631894e-05
8,8,0.15871794871794873,9,1.587463011373426e-05
8,8,0.16615384615384615,0,2.5114663488491657e-05
8,8,0.16615384615384615,1,3.0663624000730435e-05
8,8,0.16615384615384615,2,2.204835337184469e-05
8,8,0.16615384615384615,3,2.4094379376358033e-05
8,8,0.16615384615384615,4,2.529779488212345e-05
8,8,0.16615384615384615,5,2.3956724194766024e-05
8,8,0.16615384615384615,6,2.02334168452636e-05
8,8,0.16615384615384615,7,3.0339953896585878e-05
8,8,0.16615384615384615,8,3.0130678519594668e-05
8,8,0.16615384615384615,9,1.6798641566499197e-05
8,8,0.1735897435897436,0,3.2173219588277735e-05
8,8,0.1735897435897436,1,2.4851424118464903e-05
8,8,0.1735897435897436,2,4.028420641810823e-05
8,8,0.1735897435897436,3,2.344815950242301e-05
8,8,0.1735897435897436,4,1.9805173393365564e-05
8,8,0.1735897435897436,5,4.0723840636592207e-05
8,8,0.1735897435897436,6,2.4117600621898638e-05
8,8,0.1735897435897436,7,3.444023565078999e-05
8,8,0.1735897435897436,8,2.3787814370902166e-05
8,8,0.1735897435897436,9,2.20393779654282e-05
8,8,0.18102564102564103,0,3.72673009059476e-05
8,8,0.18102564102564103,1,2.8891177357990397e-05
8,8,0.18102564102564103,2,3.424327191686043e-05
8,8,0.18102564102564103,3,2.411119037516173e-05
8,8,0.18102564102564103,4,3.222580432395041e-05
8,8,0.18102564102564103,5,3.0225220471046824e-05
8,8,0.18102564102564103,6,3.3156385187063254e-05
8,8,0.18102564102564103,7,2.338982921984442e-05
8,8,0.18102564102564103,8,3.077990300483032e-05
8,8,0.18102564102564103,9,2.3277972961222428e-05
8,8,0.18846153846153846,0,2.9230224321006756e-05
8,8,0.18846153846153846,1,4.117684126055664e-05
8,8,0.18846153846153846,2,3.290417715334945e-05
8,8,0.18846153846153846,3,5.113514769818448e-05
8,8,0.18846153846153846,4,3.8601930429490146e-05
8,8,0.18846153846153846,5,2.7501360714318834e-05
8,8,0.18846153846153846,6,2.7956334674398598e-05
8,8,0.18846153846153846,7,4.304233602664778e-05
8,8,0.18846153846153846,8,3.61621474035114e-05
8,8,0.18846153846153846,9,3.391673679336119e-05
8,8,0.1958974358974359,0,3.407362977289954e-05
8,8,0.1958974358974359,1,2.9400698334556888e-05
8,8,0.1958974358974359,2,2.355971093654308e-05
8,8,0.1958974358974359,3,3.126756793086515e-05
8,8,0.1958974358974359,4,2.891807937983894e-05
8,8,0.1958974358974359,5,3.920400147630312e-05
8,8,0.1958974358974359,6,2.438908448810404e-05
8,8,0.1958974358974359,7,4.396382994759862e-05
8,8,0.1958974358974359,8,4.670137842946648e-05
8,8,0.1958974358974359,9,3.769980051934339e-05
8,8,0.20333333333333334,0,2.9498331979861872e-05
8,8,0.20333333333333334,1,3.4395403696146416e-05
8,8,0.20333333333333334,2,3.26952405487762e-05
8,8,0.20333333333333334,3,5.516670027483039e-05
8,8,0.20333333333333334,4,4.6173526689648356e-05
8,8,0.20333333333333334,5,3.686724227482389e-05
8,8,0.20333333333333334,6,3.864295708063803e-05
8,8,0.20333333333333334,7,4.237146145018165e-05
8,8,0.20333333333333334,8,2.6503740535961935e-05
8,8,0.20333333333333334,9,5.252895115290003e-05
8,8,0.21076923076923076,0,3.248698039739778e-05
8,8,0.21076923076923076,1,3.242512146223849e-05
8,8,0.21076923076923076,2,2.7538543865919002e-05
8,8,0.21076923076923076,3,4.5940435789104554e-05
8,8,0.21076923076923076,4,4.415035483571154e-05
8,8,0.21076923076923076,5,4.5008470006606036e-05
8,8,0.21076923076923076,6,3.696713634503067e-05
8,8,0.21076923076923076,7,3.7497236741920064e-05
8,8,0.21076923076923076,8,3.521030704008274e-05
8,8,0.21076923076923076,9,3.2643273688669925e-05
8,8,0.21820512820512822,0,4.475883651687835e-05
8,8,0.21820512820512822,1,4.9463161007087536e-05
8,8,0.21820512820512822,2,5.396027366449263e-05
8,8,0.21820512820512822,3,4.65605285177006e-05
8,8,0.21820512820512822,4,5.484579999140195e-05
8,8,0.21820512820512822,5,3.258874490133104e-05
8,8,0.21820512820512822,6,3.815183127271073e-05
8,8,0.21820512820512822,7,3.0031510076218382e-05
8,8,0.21820512820512822,8,2.9798176306478302e-05
8,8,0.21820512820512822,9,3.35155436792535e-05
8,8,0.22564102564102564,0,4.511518565345193e-05
8,8,0.22564102564102564,1,6.391296063133722e-05
8,8,0.22564102564102564,2,4.465187121344094e-05
8,8,0.22564102564102564,3,4.361157745618411e-05
8,8,0.22564102564102564,4,4.4346092268206576e-05
8,8,0.22564102564102564,5,3.988224454087214e-05
8,8,0.22564102564102564,6,5.0966242971814055e-05
8,8,0.22564102564102564,7,5.20544391764845e-05
8,8,0.22564102564102564,8,4.678649481652862e-05
8,8,0.22564102564102564,9,4.4352659431931984e-05
8,8,0.23307692307692307,0,5.288028758728671e-05
8,8,0.23307692307692307,1,4.1679187506264013e-05
8,8,0.23307692307692307,2,5.081348978727148e-05
8,8,0.23307692307692307,3,9.06724901881614e-05
8,8,0.23307692307692307,4,4.882403982493717e-05
8,8,0.23307692307692307,5,5.72032385721271e-05
8,8,0.23307692307692307,6,4.668270394884422e-05
8,8,0.23307692307692307,7,4.4752838753845825e-05
8,8,0.23307692307692307,8,4.634420766493987e-05
8,8,0.23307692307692307,9,5.9704798798215666e-05
8,8,0.24051282051282052,0,8.39922306478651e-05
8,8,0.24051282051282052,1,5.910148648447096e-05
8,8,0.24051282051282052,2,7.586494848205339e-05
8,8,0.24051282051282052,3,6.57335333357944e-05
8,8,0.24051282051282052,4,6.563697219031856e-05
8,8,0.24051282051282052,5,4.1180302121477984e-05
8,8,0.24051282051282052,6,4.471927686506448e-05
8,8,0.24051282051282052,7,4.204596587317571e-05
8,8,0.24051282051282052,8,5.094316482851057e-05
8,8,0.24051282051282052,9,5.312911023994857e-05
8,8,0.24794871794871795,0,5.3389186295626894e-05
8,8,0.24794871794871795,1,7.241625273652366e-05
8,8,0.24794871794871795,2,0.00012074033369214851
8,8,0.24794871794871795,3,4.843354702158109e-05
8,8,0.24794871794871795,4,5.147221737602364e-05
8,8,0.24794871794871795,5,7.027121766255567e-05
8,8,0.24794871794871795,6,4.9948982311186145e-05
8,8,0.24794871794871795,7,0.000101105443412635
8,8,0.24794871794871795,8,3.518985319161991e-05
8,8,0.24794871794871795,9,3.9660901521491116e-05
8,8,0.2553846153846154,0,3.98403154601183e-05
8,8,0.2553846153846154,1,6.3269864542271e-05
8,8,0.2553846153846154,2,5.6809726050880195e-05
8,8,0.2553846153846154,3,5.3021895850596944e-05
8,8,0.2553846153846154,4,4.027394979881932e-05
8,8,0.2553846153846154,5,5.8794640298261426e-05
8,8,0.2553846153846154,6,8.309744616289445e-05
8,8,0.2553846153846154,7,6.041164142169865e-05
8,8,0.2553846153846154,8,3.9636247346057486e-05
8,8,0.2553846153846154,9,7.869113835288249e-05
8,8,0.26282051282051283,0,5.066430072717012e-05
8,8,0.26282051282051283,1,7.054384164116047e-05
8,8,0.26282051282051283,2,4.102655968521603e-05
8,8,0.26282051282051283,3,4.1736580966077914e-05
8,8,0.26282051282051283,4,5.3957626866379144e-05
8,8,0.26282051282051283,5,6.591105091523375e-05
8,8,0.26282051282051283,6,9.595036429968294e-05
8,8,0.26282051282051283,7,4.046184808188823e-05
8,8,0.26282051282051283,8,7.401448443461231e-05
8,8,0.26282051282051283,9,4.283737674366464e-05
8,8,0.2702564102564103,0,7.724415037642363e-05
8,8,0.2702564102564103,1,5.444719823269205e-05
8,8,0.2702564102564103,2,0.00010097709720753596
8,8,0.2702564102564103,3,0.00011512263580652403
8,8,0.2702564102564103,4,6.0079924309272396e-05
8,8,0.2702564102564103,5,5.877725322503634e-05
8,8,0.2702564102564103,6,7.376113960027172e-05
8,8,0.2702564102564103,7,4.7673961484364486e-05
8,8,0.2702564102564103,8,7.143316974969198e-05
8,8,0.2702564102564103,9,6.835346637110162e-05
8,8,0.2776923076923077,0,4.998068190999628e-05
8,8,0.2776923076923077,1,7.850191974073537e-05
8,8,0.2776923076923077,2,7.940282617985452e-05
8,8,0.2776923076923077,3,7.59098997324798e-05
8,8,0.2776923076923077,4,0.0001334361376953871
8,8,0.2776923076923077,5,7.306598011879163e-05
8,8,0.2776923076923077,6,7.994994551951277e-05
8,8,0.2776923076923077,7,4.925600509586174e-05
8,8,0.2776923076923077,8,6.821655505476156e-05
8,8,0.2776923076923077,9,7.5311239457954e-05
8,8,0.28512820512820514,0,3.483279951503221e-05
8,8,0.28512820512820514,1,7.514977499129505e-05
8,8,0.28512820512820514,2,7.503861105154993e-05
8,8,0.28512820512820514,3,6.681854153678157e-05
8,8,0.28512820512820514,4,5.423375450289484e-05
8,8,0.28512820512820514,5,5.4852202656400487e-05
8,8,0.28512820512820514,6,3.806494285962629e-05
8,8,0.28512820512820514,7,5.1155856649599964e-05
8,8,0.28512820512820514,8,7.673580972640866e-05
8,8,0.28512820512820514,9,5.7571100193757704e-05
8,8,0.2925641025641026,0,6.746967331963189e-05
8,8,0.2925641025641026,1,6.222254725101477e-05
8,8,0.2925641025641026,2,5.661062953549296e-05
8,8,0.2925641025641026,3,5.327037550071938e-05
8,8,0.2925641025641026,4,9.381162734269468e-05
8,8,0.2925641025641026,5,0.00010155545320436527
8,8,0.2925641025641026,6,9.787266657996198e-05
8,8,0.2925641025641026,7,8.227719286890773e-05
8,8,0.2925641025641026,8,7.923268449693239e-05
8,8,0.2925641025641026,9,5.002451826697326e-05
8,8,0.3,0,6.395478238765554e-05
8,8,0.3,1,0.0001459941900837859
8,8,0.3,2,6.184730834344634e-05
8,8,0.3,3,7.690921001308127e-05
8,8,0.3,4,8.36988158984296e-05
8,8,0.3,5,7.516184387365194e-05
8,8,0.3,6,3.900541485538513e-05
8,8,0.3,7,9.181267957494728e-05
8,8,0.3,8,4.739547039547541e-05
8,8,0.3,9,9.493753557825915e-05
16,4,0.01,0,0.0002826558764155367
16,4,0.01,1,0.0002893289864044381
16,4,0.01,2,0.0002849310174670786
16,4,0.01,3,0.00028948211335529366
16,4,0.01,4,0.0002822012904576782
16,4,0.01,5,0.0002920216647738304
16,4,0.01,6,0.00029772224360999773
16,4,0.01,7,0.0002901625833426466
16,4,0.01,8,0.000272884129679322
16,4,0.01,9,0.00028491698642993656
16,4,0.017435897435897435,0,0.00027697843428935637
16,4,0.017435897435897435,1,0.0002950715867370918
16,4,0.017435897435897435,2,0.00028254298185871775
16,4,0.017435897435897435,3,0.0002856450494330102
16,4,0.017435897435897435,4,0.00027499678261191045
16,4,0.017435897435897435,5,0.0002827143515075639
16,4,0.017435897435897435,6,0.00028422631096811497
16,4,0.017435897435897435,7,0.0002865371364743914
16,4,0.017435897435897435,8,0.00028557955352287163
16,4,0.017435897435897435,9,0.00027974162905991794
16,4,0.02487179487179487,0,0.00028716925156306106
16,4,0.02487179487179487,1,0.00028620488972206287
16,4,0.02487179487179487,2,0.0002933937482618985
16,4,0.02487179487179487,3,0.00028867824987845934
16,4,0.02487179487179487,4,0.0002670198704678052
16,4,0.02487179487179487,5,0.0002792779131234268
16,4,0.02487179487179487,6,0.0002803249806366764
16,4,0.02487179487179487,7,0.00029137134854624407
16,4,0.02487179487179487,8,0.0002790584198231772
16,4,0.02487179487179487,9,0.0002818348146604173
16,4,0.03230769230769231,0,0.0002826738063771512
16,4,0.03230769230769231,1,0.0002811747611494127
16,4,0.03230769230769231,2,0.0002814128690195374
16,4,0.03230769230769231,3,0.00028203278634725504
16,4,0.03230769230769231,4,0.0002852999928548208
16,4,0.03230769230769231,5,0.0002695515289465935
16,4,0.03230769230769231,6,0.00028890350922349624
16,4,0.03230769230769231,7,0.00029404275479772503
16,4,0.03230769230769231,8,0.00029159407085816265
16,4,0.03230769230769231,9,0.00028063557777675645
16,4,0.03974358974358974,0,0.0002751686059454988
16,4,0.03974358974358974,1,0.00028762344548547363
16,4,0.03974358974358974,2,0.0002740642287148552
16,4,0.03974358974358974,3,0.00028715915996806456
16,4,0.03974358974358974,4,0.0002846749062246972
16,4,0.03974358974358974,5,0.0002972491656227394
16,4,0.03974358974358974,6,0.00029862733662285983
16,4,0.03974358974358974,7,0.00028846607289176096
16,4,0.03974358974358974,8,0.00026781936459542376
16,4,0.03974358974358974,9,0.000280720212627275
16,4,0.04717948717948718,0,0.00029205146636608305
16,4,0.04717948717948718,1,0.00028484741475674665
16,4,0.04717948717948718,2,0.0002888360847193361
16,4,0.04717948717948718,3,0.00029643194510809714
16,4,0.04717948717948718,4,0.0003102894221182248
16,4,0.04717948717948718,5,0.00028939980028368977
16,4,0.04717948717948718,6,0.00030061575045923285
16,4,0.04717948717948718,7,0.0003011227070600182
16,4,0.04717948717948718,8,0.0002941763940468689
16,4,0.04717948717948718,9,0.0003020029135441804
16,4,0.054615384615384614,0,0.00029043651916770447
16,4,0.054615384615384614,1,0.0002873421831208854
16,4,0.054615384615384614,2,0.0002734683552575046
16,4,0.054615384615384614,3,0.00028962231128240877
16,4,0.054615384615384614,4,0.0002932130697697046
16,4,0.054615384615384614,5,0.00027967223422285407
16,4,0.054615384615384614,6,0.00030191329024528533
16,4,0.054615384615384614,7,0.00028106780760624926
16,4,0.054615384615384614,8,0.00030140027975922355
16,4,0.054615384615384614,9,0.000289101967361736
16,4,0.062051282051282054,0,0.0002966371546141591
16,4,0.062051282051282054,1,0.000305617555601577
16,4,0.062051282051282054,2,0.00026561526365443826
16,4,0.062051282051282054,3,0.00028699020852509085
16,4,0.062051282051282054,4,0.0003029475945685859
16,4,0.062051282051282054,5,0.00031415796695624985
16,4,0.062051282051282054,6,0.000278953479571439
16,4,0.062051282051282054,7,0.0002665991897447818
16,4,0.062051282051282054,8,0.0002860864269831141
16,4,0.062051282051282054,9,0.00028165078739430247
16,4,0.06948717948717949,0,0.0003063052498688189
16,4,0.06948717948717949,1,0.00030156861348654027
16,4,0.06948717948717949,2,0.0003002438232092238
16,4,0.06948717948717949,3,0.0002809725067574663
16,4,0.06948717948717949,4,0.0002936254067154181
16,4,0.06948717948717949,5,0.00029739950724690616
16,4,0.06948717948717949,6,0.00032338277854100043
16,4,0.06948717948717949,7,0.00028913394090595326
16,4,0.06948717948717949,8,0.00028872451831933143
16,4,0.06948717948717949,9,0.00029983623648509306
16,4,0.07692307692307691,0,0.00027440798980432146
16,4,0.07692307692307691,1,0.00028439978752175225
16,4,0.07692307692307691,2,0.00027960536198852394
16,4,0.07692307692307691,3,0.00030258332203732165
16,4,0.07692307692307691,4,0.00027138358050299185
16,4,0.07692307692307691,5,0.00028677657053068436
16,4,0.07692307692307691,6,0.00028257413747166297
16,4,0.07692307692307691,7,0.0003063494658286929
16,4,0.07692307692307691,8,0.00028680579599125447
16,4,0.07692307692307691,9,0.0002785765335726499
16,4,0.08435897435897435,0,0.0002962211457675301
16,4,0.08435897435897435,1,0.000308325242012441
16,4,0.08435897435897435,2,0.0002717690092127533
16,4,0.08435897435897435,3,0.00026456352322285127
16,4,0.08435897435897435,4,0.0002929623638799889
16,4,0.08435897435897435,5,0.0002835387465366406
16,4,0.08435897435897435,6,0.0003061334776343041
16,4,0.08435897435897435,7,0.0002861125644732981
16,4,0.08435897435897435,8,0.00029344210522417853
16,4,0.08435897435897435,9,0.00029158679837381187
16,4,0.0917948717948718,0,0.00030572144041223707
16,4,0.0917948717948718,1,0.0002978009607830882
16,4,0.0917948717948718,2,0.00030281764216404854
16,4,0.0917948717948718,3,0.000294332140862873
16,4,0.0917948717948718,4,0.0002886192831876745
16,4,0.0917948717948718,5,0.00029176562368411356
16,4,0.0917948717948718,6,0.00027896166989105115
16,4,0.0917948717948718,7,0.0003261242036323086
16,4,0.0917948717948718,8,0.0003066578469465595
16,4,0.0917948717948718,9,0.0002988102148075432
16,4,0.09923076923076922,0,0.0003367039736122428
16,4,0.09923076923076922,1,0.00030106958060372867
16,4,0.09923076923076922,2,0.00030624884063724424
16,4,0.09923076923076922,3,0.00031471953039110845
16,4,0.09923076923076922,4,0.0003071207226287042
16,4,0.09923076923076922,5,0.00028871786892405366
16,4,0.09923076923076922,6,0.00027715083744497024
16,4,0.09923076923076922,7,0.00029319384547003553
16,4,0.09923076923076922,8,0.00030194003107746276
16,4,0.09923076923076922,9,0.00031109299718422084
16,4,0.10666666666666666,0,0.0002883828896049303
16,4,0.10666666666666666,1,0.0003011094112140312
16,4,0.10666666666666666,2,0.0002992026627477302
16,4,0.10666666666666666,3,0.00030832658968354363
16,4,0.10666666666666666,4,0.0003033862421830726
16,4,0.10666666666666666,5,0.0002800444668209773
16,4,0.10666666666666666,6,0.0003049750678394008
16,4,0.10666666666666666,7,0.0002867919109582253
16,4,0.10666666666666666,8,0.00028457500672230513
16,4,0.10666666666666666,9,0.00028958585207586074
16,4,0.1141025641025641,0,0.0002759403383429856
16,4,0.1141025641025641,1,0.00030460822363137405
16,4,0.1141025641025641,2,0.0002961701569915226
16,4,0.1141025641025641,3,0.0003258149174842887
16,4,0.1141025641025641,4,0.0002919222667380495
16,4,0.1141025641025641,5,0.00027026727581198076
16,4,0.1141025641025641,6,0.0003029797675443925
16,4,0.1141025641025641,7,0.00029005650092569856
16,4,0.1141025641025641,8,0.0002908847316030152
16,4,0.1141025641025641,9,0.00029796169180495226
16,4,0.12153846153846153,0,0.00029802156393901163
16,4,0.12153846153846153,1,0.00027190573401911444
16,4,0.12153846153846153,2,0.00029261144606419976
16,4,0.12153846153846153,3,0.0003065433166300479
16,4,0.12153846153846153,4,0.00030803930236422976
16,4,0.12153846153846153,5,0.00033234823614139756
16,4,0.12153846153846153,6,0.00031014849016678054
16,4,0.12153846153846153,7,0.00032834697498138716
16,4,0.12153846153846153,8,0.00030669221352802833
16,4,0.12153846153846153,9,0.0002867539197413128
16,4,0.12897435897435897,0,0.0003023878876326214
16,4,0.12897435897435897,1,0.00030005925196411497
16,4,0.12897435897435897,2,0.00032201340559233214
16,4,0.12897435897435897,3,0.00031327202756481595
16,4,0.12897435897435897,4,0.00030019384470853346
16,4,0.12897435897435897,5,0.0003256396886133307
16,4,0.12897435897435897,6,0.0002822939020818485
16,4,0.12897435897435897,7,0.00031754264493855523
16,4,0.12897435897435897,8,0.0003074031914481271
16,4,0.12897435897435897,9,0.0003074224784411893
16,4,0.13641025641025642,0,0.0003202756865959598
16,4,0.13641025641025642,1,0.00032250424182112225
16,4,0.13641025641025642,2,0.00030816827605759556
16,4,0.13641025641025642,3,0.00033672861985462033
16,4,0.13641025641025642,4,0.000286246162918337
16,4,0.13641025641025642,5,0.0003059314204481206
16,4,0.13641025641025642,6,0.00029006558304388465
16,4,0.13641025641025642,7,0.00028919785010888383
16,4,0.13641025641025642,8,0.0002907428334399401
16,4,0.13641025641025642,9,0.00030617820770120015
16,4,0.14384615384615385,0,0.00034991707456879053
16,4,0.14384615384615385,1,0.00033843972699688495
16,4,0.14384615384615385,2,0.0003199439064202591
16,4,0.14384615384615385,3,0.00031597586712957775
16,4,0.14384615384615385,4,0.0002826574588665012
16,4,0.14384615384615385,5,0.00032279252651188246
16,4,0.14384615384615385,6,0.00031999803726788045
16,4,0.14384615384615385,7,0.00030309253297344606
16,4,0.14384615384615385,8,0.0003126129475674771
16,4,0.14384615384615385,9,0.00029785766389903563
16,4,0.1512820512820513,0,0.00033668951207920764
16,4,0.1512820512820513,1,0.00030192927991739405
16,4,0.1512820512820513,2,0.0003061889796831082
16,4,0.1512820512820513,3,0.00028915946895410416
16,4,0.1512820512820513,4,0.0002875935675631183
16,4,0.1512820512820513,5,0.0003075423938921125
16,4,0.1512820512820513,6,0.00029454344204929574
16,4,0.1512820512820513,7,0.00030096979741500615
16,4,0.1512820512820513,8,0.00036477554759110393
16,4,0.1512820512820513,9,0.00032400512547518226
16,4,0.15871794871794873,0,0.00030106476735018353
16,4,0.15871794871794873,1,0.0003257349192234969
16,4,0.15871794871794873,2,0.00028911256586308036
16,4,0.15871794871794873,3,0.0002891420512680356
16,4,0.15871794871794873,4,0.0003582913181018556
16,4,0.15871794871794873,5,0.0003083598154792259
16,4,0.15871794871794873,6,0.0003038233407197338
16,4,0.15871794871794873,7,0.000321184644229125
16,4,0.15871794871794873,8,0.0003031504681892276
16,4,0.15871794871794873,9,0.00029042043172910787
16,4,0.16615384615384615,0,0.00030817699775988433
16,4,0.16615384615384615,1,0.0003253317962103307
16,4,0.16615384615384615,2,0.00031811832519964325
16,4,0.16615384615384615,3,0.00031136034164171644
16,4,0.16615384615384615,4,0.00032171363552903554
16,4,0.16615384615384615,5,0.00033349705645670724
16,4,0.16615384615384615,6,0.0003070545512219712
16,4,0.16615384615384615,7,0.0003128072159509298
16,4,0.16615384615384615,8,0.00031988713619476194
16,4,0.16615384615384615,9,0.00031600946992070783
16,4,0.1735897435897436,0,0.0003167042428377119
16,4,0.1735897435897436,1,0.0003162217516746196
16,4,0.1735897435897436,2,0.0003240937751929832
16,4,0.1735897435897436,3,0.00029990110004467457
16,4,0.1735897435897436,4,0.00030310732581198736
16,4,0.1735897435897436,5,0.00034298677666507154
16,4,0.1735897435897436,6,0.00032008340180420376
16,4,0.1735897435897436,7,0.00035521395887075244
16,4,0.1735897435897436,8,0.0003067245146943668
16,4,0.1735897435897436,9,0.00030489656049711154
16,4,0.18102564102564103,0,0.00033963229562661317
16,4,0.18102564102564103,1,0.0003049578266494848
16,4,0.18102564102564103,2,0.00030549118262614106
16,4,0.18102564102564103,3,0.00029990433813991313
16,4,0.18102564102564103,4,0.0003178205755733692
16,4,0.18102564102564103,5,0.0003230792043645565
16,4,0.18102564102564103,6,0.00030373743373740905
16,4,0.18102564102564103,7,0.0002854732124611611
16,4,0.18102564102564103,8,0.00032343736893996407
16,4,0.18102564102564103,9,0.00033185040227742883
16,4,0.18846153846153846,0,0.000308440593624732
16,4,0.18846153846153846,1,0.0003269101270330562
16,4,0.18846153846153846,2,0.0002761919325544079
16,4,0.18846153846153846,3,0.0003243487262621372
16,4,0.18846153846153846,4,0.0003418270331835714
16,4,0.18846153846153846,5,0.0003026705369280333
16,4,0.18846153846153846,6,0.00032642299855296936
16,4,0.18846153846153846,7,0.0003644987507268641
16,4,0.18846153846153846,8,0.0003510178134809279
16,4,0.18846153846153846,9,0.0003117358278106556
16,4,0.1958974358974359,0,0.0002976066293306577
16,4,0.1958974358974359,1,0.00032332388196552886
16,4,0.1958974358974359,2,0.0003194017963515399
16,4,0.1958974358974359,3,0.0003188256106989982
16,4,0.1958974358974359,4,0.0003030543183755548
16,4,0.1958974358974359,5,0.0003178432328629921
16,4,0.1958974358974359,6,0.0002959374884129773
16,4,0.1958974358974359,7,0.0003474665147493733
16,4,0.1958974358974359,8,0.00035963821649862823
16,4,0.1958974358974359,9,0.0003358692421159833
16,4,0.20333333333333334,0,0.000305262788926294
16,4,0.20333333333333334,1,0.0003044218878110787
16,4,0.20333333333333334,2,0.0003374136320470833
16,4,0.20333333333333334,3,0.00034965913511580585
16,4,0.20333333333333334,4,0.00033214830834130474
16,4,0.20333333333333334,5,0.0003153262557541652
16,4,0.20333333333333334,6,0.0003449158776850086
16,4,0.20333333333333334,7,0.0003170135959439113
16,4,0.20333333333333334,8,0.00031111217055515187
16,4,0.20333333333333334,9,0.00033871323022813526
16,4,0.21076923076923076,0,0.00032498992024117116
16,4,0.21076923076923076,1,0.0003171030198971082
16,4,0.21076923076923076,2,0.00032417918283630064
16,4,0.21076923076923076,3,0.0003543395863901386
16,4,0.21076923076923076,4,0.00030877183876070423
16,4,0.21076923076923076,5,0.00032874278960445173
16,4,0.21076923076923076,6,0.0003161264901086405
16,4,0.21076923076923076,7,0.000323394005178009
16,4,0.21076923076923076,8,0.0003232522550779155
16,4,0.21076923076923076,9,0.00028243826032673807
16,4,0.21820512820512822,0,0.00035157384022538936
16,4,0.21820512820512822,1,0.00030960904270912294
16,4,0.21820512820512822,2,0.00032929331786231945
16,4,0.21820512820512822,3,0.0003610106618554356
16,4,0.21820512820512822,4,0.00037044471657723173
16,4,0.21820512820512822,5,0.0003487714929825102
16,4,0.21820512820512822,6,0.00031562666175606385
16,4,0.21820512820512822,7,0.00032243007628195413
16,4,0.21820512820512822,8,0.00032950899078795104
16,4,0.21820512820512822,9,0.000300256584343303
16,4,0.22564102564102564,0,0.0003442736907083346
16,4,0.22564102564102564,1,0.0003844705542998988
16,4,0.22564102564102564,2,0.0002866285795428276
16,4,0.22564102564102564,3,0.0003433832100463262
16,4,0.22564102564102564,4,0.00034436651226288416
16,4,0.22564102564102564,5,0.0003131915986242076
16,4,0.22564102564102564,6,0.00034615496319545535
16,4,0.22564102564102564,7,0.00031444682414308995
16,4,0.22564102564102564,8,0.000306352190808182
16,4,0.22564102564102564,9,0.00036975771499935103
16,4,0.23307692307692307,0,0.00033304145782180907
16,4,0.23307692307692307,1,0.0003435350515857616
16,4,0.23307692307692307,2,0.0003318405643798496
16,4,0.23307692307692307,3,0.00040740744204579313
16,4,0.23307692307692307,4,0.0003440300925508005
16,4,0.23307692307692307,5,0.000359350387496208
16,4,0.23307692307692307,6,0.00035476793884524
16,4,0.23307692307692307,7,0.00038707784253060046
16,4,0.23307692307692307,8,0.00033569380491455913
16,4,0.23307692307692307,9,0.0003776569621693164
16,4,0.24051282051282052,0,0.00038674810960275885
16,4,0.24051282051282052,1,0.00038662301330797197
16,4,0.24051282051282052,2,0.00039220012375271445
16,4,0.24051282051282052,3,0.0003158557084381764
16,4,0.24051282051282052,4,0.0003416640257428674
16,4,0.24051282051282052,5,0.00033499302948247593
16,4,0.24051282051282052,6,0.000357921302090195
16,4,0.24051282051282052,7,0.00033763656438303124
16,4,0.24051282051282052,8,0.00035981168798059873
16,4,0.24051282051282052,9,0.00032669280737157564
16,4,0.24794871794871795,0,0.0003293992885974957
16,4,0.24794871794871795,1,0.00036731727854809055
16,4,0.24794871794871795,2,0.0004589688652827722
16,4,0.24794871794871795,3,0.00031305095212325024
16,4,0.24794871794871795,4,0.0003298425848744357
16,4,0.24794871794871795,5,0.0003769111093502713
16,4,0.24794871794871795,6,0.0003436110467094448
16,4,0.24794871794871795,7,0.00042412041688250237
16,4,0.24794871794871795,8,0.00031948251711454205
16,4,0.24794871794871795,9,0.00035387510127830266
16,4,0.2553846153846154,0,0.0002925957401435304
16,4,0.2553846153846154,1,0.00032656867641441174
16,4,0.2553846153846154,2,0.0003586743150072634
16,4,0.2553846153846154,3,0.00033830702156235367
16,4,0.2553846153846154,4,0.00028638273847405357
16,4,0.2553846153846154,5,0.0003176918490632466
16,4,0.2553846153846154,6,0.00040274415130559427
16,4,0.2553846153846154,7,0.0003496680311945819
16,4,0.2553846153846154,8,0.00027232946621686717
16,4,0.2553846153846154,9,0.0003453085403236027
16,4,0.26282051282051283,0,0.0003292107439775427
16,4,0.26282051282051283,1,0.00030788438910617753
16,4,0.26282051282051283,2,0.00030485386391234596
16,4,0.26282051282051283,3,0.0003407274371798275
16,4,0.26282051282051283,4,0.00032330121335444735
16,4,0.26282051282051283,5,0.0003506520913418922
16,4,0.26282051282051283,6,0.0004143577779776729
16,4,0.26282051282051283,7,0.00028977226608491754
16,4,0.26282051282051283,8,0.0003398241209985742
16,4,0.26282051282051283,9,0.0003433159213976334
16,4,0.2702564102564103,0,0.00033377949241506925
16,4,0.2702564102564103,1,0.0003528765973099981
16,4,0.2702564102564103,2,0.00046214701757276924
16,4,0.2702564102564103,3,0.00039733364297321654
16,4,0.2702564102564103,4,0.00032423834961435664
16,4,0.2702564102564103,5,0.00032506425963361595
16,4,0.2702564102564103,6,0.0003756609771137267
16,4,0.2702564102564103,7,0.00036962906534216615
16,4,0.2702564102564103,8,0.0004033020218165273
16,4,0.2702564102564103,9,0.00042256717505346814
16,4,0.2776923076923077,0,0.00033848981722915916
16,4,0.2776923076923077,1,0.0003833389540111211
16,4,0.2776923076923077,2,0.00041900418151849793
16,4,0.2776923076923077,3,0.00037235470458468186
16,4,0.2776923076923077,4,0.0005256670145119581
16,4,0.2776923076923077,5,0.00038412796543652554
16,4,0.2776923076923077,6,0.00032028428660119736
16,4,0.2776923076923077,7,0.00034571179921038934
16,4,0.2776923076923077,8,0.00037813001251107487
16,4,0.2776923076923077,9,0.00036813537508265787
16,4,0.28512820512820514,0,0.00034011138983042075
16,4,0.28512820512820514,1,0.0003672225248001387
16,4,0.28512820512820514,2,0.00034163432807781145
16,4,0.28512820512820514,3,0.00036645133114034757
16,4,0.28512820512820514,4,0.00032468035612075836
16,4,0.28512820512820514,5,0.00033248703195432294
16,4,0.28512820512820514,6,0.00030054624400083544
16,4,0.28512820512820514,7,0.0003344135111238753
16,4,0.28512820512820514,8,0.0003596589508464581
16,4,0.28512820512820514,9,0.00033839659155297894
16,4,0.2925641025641026,0,0.00034732669909867436
16,4,0.2925641025641026,1,0.0003293467256787519
16,4,0.2925641025641026,2,0.00036704085331059385
16,4,0.2925641025641026,3,0.00034359051827013737
16,4,0.2925641025641026,4,0.0004022191131119067
16,4,0.2925641025641026,5,0.0003800942575447309
16,4,0.2925641025641026,6,0.00043039718991597743
16,4,0.2925641025641026,7,0.00034717393594044813
16,4,0.2925641025641026,8,0.0003743392120320309
16,4,0.2925641025641026,9,0.00033355020452925844
16,4,0.3,0,0.0003832850271054754
16,4,0.3,1,0.00046608200871341577
16,4,0.3,2,0.0003436765485626107
16,4,0.3,3,0.0003749968926384368
16,4,0.3,4,0.0003523551953155682
16,4,0.3,5,0.00039230388258525113
16,4,0.3,6,0.00033079216652204865
16,4,0.3,7,0.00038620445645233883
16,4,0.3,8,0.00031870383444184146
16,4,0.3,9,0.00042350814244712854
