batch_config,sigma_test,replica,v_score
n=160,0.01,0,0.00012611403439318522
n=160,0.01,1,0.00012549226601336235
n=160,0.01,2,0.00012627665641124638
n=160,0.01,3,0.00012465388190690803
n=160,0.01,4,0.00012531187481603818
n=160,0.01,5,0.00012277039214806382
n=160,0.01,6,0.0001230401238835302
n=160,0.01,7,0.00012371941754341054
n=160,0.01,8,0.00012521014734782839
n=160,0.01,9,0.00011742360626870869
n=160,0.017435897435897435,0,0.00012731012945766353
n=160,0.017435897435897435,1,0.00012627760549761862
n=160,0.017435897435897435,2,0.00012193427909188516
n=160,0.017435897435897435,3,0.0001224692000426378
n=160,0.017435897435897435,4,0.00012204940960951415
n=160,0.017435897435897435,5,0.00012918802782592212
n=160,0.017435897435897435,6,0.0001235912949115977
n=160,0.017435897435897435,7,0.0001253530074505851
n=160,0.017435897435897435,8,0.00012119175851577056
n=160,0.017435897435897435,9,0.00012555200108141804
n=160,0.02487179487179487,0,0.00012582431593692115
n=160,0.02487179487179487,1,0.00012472076245162965
n=160,0.02487179487179487,2,0.00012574438191494518
n=160,0.02487179487179487,3,0.00012638306501435643
n=160,0.02487179487179487,4,0.00012701476355913866
n=160,0.02487179487179487,5,0.00013007825527736869
n=160,0.02487179487179487,6,0.00012594481577431855
n=160,0.02487179487179487,7,0.00012022442884434802
n=160,0.02487179487179487,8,0.00012796239807015485
n=160,0.02487179487179487,9,0.00012231198513755451
n=160,0.03230769230769231,0,0.0001242612486712232
n=160,0.03230769230769231,1,0.0001180393611176705
n=160,0.03230769230769231,2,0.0001275813499049611
n=160,0.03230769230769231,3,0.00012544132920796388
n=160,0.03230769230769231,4,0.0001260389256517567
n=160,0.03230769230769231,5,0.00013109457020721508
n=160,0.03230769230769231,6,0.0001231120272730168
n=160,0.03230769230769231,7,0.0001249705794569244
n=160,0.03230769230769231,8,0.00012638597422241942
n=160,0.03230769230769231,9,0.00012591372307935137
n=160,0.03974358974358974,0,0.0001260657300334976
n=160,0.03974358974358974,1,0.0001313892529767527
n=160,0.03974358974358974,2,0.00012342295878423203
n=160,0.03974358974358974,3,0.0001246292258084993
n=160,0.03974358974358974,4,0.0001337190208949787
n=160,0.03974358974358974,5,0.00013088880326492678
n=160,0.03974358974358974,6,0.00013118500959785143
n=160,0.03974358974358974,7,0.00012558524433694155
n=160,0.03974358974358974,8,0.00013047841376138342
n=160,0.03974358974358974,9,0.0001219823514267236
n=160,0.04717948717948718,0,0.00012372138608268736
n=160,0.04717948717948718,1,0.00013070074241255565
n=160,0.04717948717948718,2,0.00012355793691655126
n=160,0.04717948717948718,3,0.00013502458223252586
n=160,0.04717948717948718,4,0.0001329201112445972
n=160,0.04717948717948718,5,0.00012680038966275992
n=160,0.04717948717948718,6,0.00013417914777885047
n=160,0.04717948717948718,7,0.00012717732014285967
n=160,0.04717948717948718,8,0.00012476502008297564
n=160,0.04717948717948718,9,0.00013048603380786804
n=160,0.054615384615384614,0,0.00013081408854449046
n=160,0.054615384615384614,1,0.00013803450247773305
n=160,0.054615384615384614,2,0.00012653917825328703
n=160,0.054615384615384614,3,0.00012911109385791453
n=160,0.054615384615384614,4,0.0001286791182748214
n=160,0.054615384615384614,5,0.00013580584601465052
n=160,0.054615384615384614,6,0.0001285794700707235
n=160,0.054615384615384614,7,0.0001266030788695224
n=160,0.054615384615384614,8,0.00012338235138240527
n=160,0.054615384615384614,9,0.00013709783977596898
n=160,0.062051282051282054,0,0.00013875621563332201
n=160,0.062051282051282054,1,0.00013282138198195587
n=160,0.062051282051282054,2,0.00013397898275194654
n=160,0.062051282051282054,3,0.00013998156251886844
n=160,0.062051282051282054,4,0.00013446616252803568
n=160,0.062051282051282054,5,0.00012822264350904598
n=160,0.062051282051282054,6,0.0001385385721477181
n=160,0.062051282051282054,7,0.0001373950018568803
n=160,0.062051282051282054,8,0.00012919490441745392
n=160,0.062051282051282054,9,0.00014299649650619518
n=160,0.06948717948717949,0,0.0001265806759185048
n=160,0.06948717948717949,1,0.00013693098231214895
n=160,0.06948717948717949,2,0.00014198767644224257
n=160,0.06948717948717949,3,0.0001348355353319525
n=160,0.06948717948717949,4,0.00013159101659478552
n=160,0.06948717948717949,5,0.0001352542113362393
n=160,0.06948717948717949,6,0.00013306810828679803
n=160,0.06948717948717949,7,0.00013832204455478694
n=160,0.06948717948717949,8,0.00013826835765609375
n=160,0.06948717948717949,9,0.00012821601220290124
n=160,0.07692307692307691,0,0.00015022106858421805
n=160,0.07692307692307691,1,0.00013269827369215536
n=160,0.07692307692307691,2,0.00012942645205025327
n=160,0.07692307692307691,3,0.00013326534951735097
n=160,0.07692307692307691,4,0.00012992487615907626
n=160,0.07692307692307691,5,0.00015023797016754708
n=160,0.07692307692307691,6,0.00013187359853852407
n=160,0.07692307692307691,7,0.0001365669667710248
n=160,0.07692307692307691,8,0.00015361644609351123
n=160,0.07692307692307691,9,0.00013875063687144798
n=160,0.08435897435897435,0,0.00014496946130312434
n=160,0.08435897435897435,1,0.00014072814416712524
n=160,0.08435897435897435,2,0.00013723161611232717
n=160,0.08435897435897435,3,0.00014806989620916306
n=160,0.08435897435897435,4,0.00012997548084220812
n=160,0.08435897435897435,5,0.00015259567265531757
n=160,0.08435897435897435,6,0.0001322452280883114
n=160,0.08435897435897435,7,0.00012656623270237836
n=160,0.08435897435897435,8,0.00013136025496107725
n=160,0.08435897435897435,9,0.00014293213987272272
n=160,0.0917948717948718,0,0.00014491138192665231
n=160,0.0917948717948718,1,0.0001347123991221597
n=160,0.0917948717948718,2,0.00013832252396045268
n=160,0.0917948717948718,3,0.0001354883769861208
n=160,0.0917948717948718,4,0.00014024915957652303
n=160,0.0917948717948718,5,0.00015698827335272706
n=160,0.0917948717948718,6,0.00014278958844336822
n=160,0.0917948717948718,7,0.00013871155227792353
n=160,0.0917948717948718,8,0.00016133129063271184
n=160,0.0917948717948718,9,0.00015112723286081129
n=160,0.09923076923076922,0,0.00015033928215770956
n=160,0.09923076923076922,1,0.00012671325844578163
n=160,0.09923076923076922,2,0.00014943190718451254
n=160,0.09923076923076922,3,0.00013273011905433677
n=160,0.09923076923076922,4,0.00013939971823498674
n=160,0.09923076923076922,5,0.00014021238280786445
n=160,0.09923076923076922,6,0.00015681038533482992
n=160,0.09923076923076922,7,0.00014494251275493756
n=160,0.09923076923076922,8,0.0001314628018851683
n=160,0.09923076923076922,9,0.0001287644216671124
n=160,0.10666666666666666,0,0.00014050560406156547
n=160,0.10666666666666666,1,0.00014580360244143377
n=160,0.10666666666666666,2,0.0001454436922148451
n=160,0.10666666666666666,3,0.0001458186305269013
n=160,0.10666666666666666,4,0.0001376034967663557
n=160,0.10666666666666666,5,0.00016611317653480315
n=160,0.10666666666666666,6,0.0001298571818689974
n=160,0.10666666666666666,7,0.00015479164735582505
n=160,0.10666666666666666,8,0.00014161985524339761
n=160,0.10666666666666666,9,0.0001569157623988306
n=160,0.1141025641025641,0,0.00015095478171459197
n=160,0.1141025641025641,1,0.00014765173312580708
n=160,0.1141025641025641,2,0.00016010632154232255
n=160,0.1141025641025641,3,0.00014791709175559971
n=160,0.1141025641025641,4,0.00013339584201024424
n=160,0.1141025641025641,5,0.00015017343560404977
n=160,0.1141025641025641,6,0.00014349474190325883
n=160,0.1141025641025641,7,0.00014362603035172439
n=160,0.1141025641025641,8,0.00013794314633590738
n=160,0.1141025641025641,9,0.00015054415110581836
n=160,0.12153846153846153,0,0.0001654925474144245
n=160,0.12153846153846153,1,0.00015806197378415748
n=160,0.12153846153846153,2,0.0001475867909977921
n=160,0.12153846153846153,3,0.0001528909822227605
n=160,0.12153846153846153,4,0.00013756568000297055
n=160,0.12153846153846153,5,0.00014720420394159848
n=160,0.12153846153846153,6,0.00014073125575863964
n=160,0.12153846153846153,7,0.00014942459891882973
n=160,0.12153846153846153,8,0.00015082089601846184
n=160,0.12153846153846153,9,0.00016903723108291601
n=160,0.12897435897435897,0,0.00016854376519964432
n=160,0.12897435897435897,1,0.00015010430514295677
n=160,0.12897435897435897,2,0.0001753172523467897
n=160,0.12897435897435897,3,0.00015806650280517543
n=160,0.12897435897435897,4,0.00016963904862809455
n=160,0.12897435897435897,5,0.00015843829893690022
n=160,0.12897435897435897,6,0.000144679546575805
n=160,0.12897435897435897,7,0.00016121112669176992
n=160,0.12897435897435897,8,0.00015949357948440092
n=160,0.12897435897435897,9,0.00016909819161726322
n=160,0.13641025641025642,0,0.00016807763888665572
n=160,0.13641025641025642,1,0.0001502314619870774
n=160,0.13641025641025642,2,0.00020473605791013834
n=160,0.13641025641025642,3,0.00018979133147490414
n=160,0.13641025641025642,4,0.000143422520800582
n=160,0.13641025641025642,5,0.0001695057993386307
n=160,0.13641025641025642,6,0.00030684016344618715
n=160,0.13641025641025642,7,0.0001682886015357225
n=160,0.13641025641025642,8,0.0001505230699750601
n=160,0.13641025641025642,9,0.00015410453852989967
n=160,0.14384615384615385,0,0.00015622120830238192
n=160,0.14384615384615385,1,0.00016899359206167005
n=160,0.14384615384615385,2,0.00017815144070771198
n=160,0.14384615384615385,3,0.00016222982773041327
n=160,0.14384615384615385,4,0.000142486828388408
n=160,0.14384615384615385,5,0.00017469541280057898
n=160,0.14384615384615385,6,0.0001952481857683185
n=160,0.14384615384615385,7,0.0001666268864152855
n=160,0.14384615384615385,8,0.00018325516629373592
n=160,0.14384615384615385,9,0.00015600168400035808
n=160,0.1512820512820513,0,0.0001952226305048416
n=160,0.1512820512820513,1,0.00015466638682469313
n=160,0.1512820512820513,2,0.0001754926809104231
n=160,0.1512820512820513,3,0.00014731033807105436
n=160,0.1512820512820513,4,0.00016616805631358982
n=160,0.1512820512820513,5,0.00019271277960489406
n=160,0.1512820512820513,6,0.00015859872084186293
n=160,0.1512820512820513,7,0.00015364586285401737
n=160,0.1512820512820513,8,0.0002143914439711646
n=160,0.1512820512820513,9,0.00015161694101926225
n=160,0.15871794871794873,0,0.00016989788625923922
n=160,0.15871794871794873,1,0.0001922373353098241
n=160,0.15871794871794873,2,0.00016701315191952867
n=160,0.15871794871794873,3,0.00015089434763821625
n=160,0.15871794871794873,4,0.00015997964274023146
n=160,0.15871794871794873,5,0.00016249134895050395
n=160,0.15871794871794873,6,0.00015378638453731252
n=160,0.15871794871794873,7,0.00018380141804685628
n=160,0.15871794871794873,8,0.00020639183870886082
n=160,0.15871794871794873,9,0.00022141500127880354
n=160,0.16615384615384615,0,0.0002046788350340509
n=160,0.16615384615384615,1,0.00020479764614650002
n=160,0.16615384615384615,2,0.00018402463953209669
n=160,0.16615384615384615,3,0.00018837138842496215
n=160,0.16615384615384615,4,0.00018906014119064775
n=160,0.16615384615384615,5,0.00018673679273708204
n=160,0.16615384615384615,6,0.0001849232569861691
n=160,0.16615384615384615,7,0.00016766411459398096
n=160,0.16615384615384615,8,0.00016628364483578935
n=160,0.16615384615384615,9,0.00016318180778669873
n=160,0.1735897435897436,0,0.00019762934098039133
n=160,0.1735897435897436,1,0.00018816493931889182
n=160,0.1735897435897436,2,0.0001901123778735391
n=160,0.1735897435897436,3,0.00015414520714281476
n=160,0.1735897435897436,4,0.000191763495046103
n=160,0.1735897435897436,5,0.00014710088041780777
n=160,0.1735897435897436,6,0.00019108264633506226
n=160,0.1735897435897436,7,0.00018188757041109508
n=160,0.1735897435897436,8,0.00021987732251304057
n=160,0.1735897435897436,9,0.00017848485125260792
n=160,0.18102564102564103,0,0.00020448297600997366
n=160,0.18102564102564103,1,0.00015648428888857902
n=160,0.18102564102564103,2,0.00016962227188972465
n=160,0.18102564102564103,3,0.00016980933365588034
n=160,0.18102564102564103,4,0.00016239252863779052
n=160,0.18102564102564103,5,0.0002060247574052702
n=160,0.18102564102564103,6,0.00022210388193271446
n=160,0.18102564102564103,7,0.00018049187622751255
n=160,0.18102564102564103,8,0.00016713363562999346
n=160,0.18102564102564103,9,0.00021981451515404272
n=160,0.18846153846153846,0,0.000203464932533444
n=160,0.18846153846153846,1,0.00018730697464434232
n=160,0.18846153846153846,2,0.00016421513555622827
n=160,0.18846153846153846,3,0.00017990563426113253
n=160,0.18846153846153846,4,0.0001732278834230598
n=160,0.18846153846153846,5,0.00018382454698853757
n=160,0.18846153846153846,6,0.00017987842708602625
n=160,0.18846153846153846,7,0.0002184864978327658
n=160,0.18846153846153846,8,0.0002837446542160179
n=160,0.18846153846153846,9,0.00020561171107211167
n=160,0.1958974358974359,0,0.0001895538446451535
n=160,0.1958974358974359,1,0.000184888305370264
n=160,0.1958974358974359,2,0.00020055923069246549
n=160,0.1958974358974359,3,0.00020576265460004644
n=160,0.1958974358974359,4,0.00024260001142451573
n=160,0.1958974358974359,5,0.00018094119090720855
n=160,0.1958974358974359,6,0.0003014175387284089
n=160,0.1958974358974359,7,0.0002184895180388372
n=160,0.1958974358974359,8,0.0001515487469518061
n=160,0.1958974358974359,9,0.00020222345777012372
n=160,0.20333333333333334,0,0.00017373255087536912
n=160,0.20333333333333334,1,0.0002120042488210661
n=160,0.20333333333333334,2,0.0001788076382729851
n=160,0.20333333333333334,3,0.0002227229129463538
n=160,0.20333333333333334,4,0.0002073576518889491
n=160,0.20333333333333334,5,0.00019630507908513243
n=160,0.20333333333333334,6,0.0001972858691003155
n=160,0.20333333333333334,7,0.00018197588456690046
n=160,0.20333333333333334,8,0.00018370856603076952
n=160,0.20333333333333334,9,0.00020289124736025556
n=160,0.21076923076923076,0,0.0002180731083303922
n=160,0.21076923076923076,1,0.0002270107305055011
n=160,0.21076923076923076,2,0.00019301823925875838
n=160,0.21076923076923076,3,0.00021598409255951939
n=160,0.21076923076923076,4,0.00020386025747868645
n=160,0.21076923076923076,5,0.0002132474859180328
n=160,0.21076923076923076,6,0.000229312052963561
n=160,0.21076923076923076,7,0.00020716597459097692
n=160,0.21076923076923076,8,0.00026169171685401494
n=160,0.21076923076923076,9,0.0002166768530931053
n=160,0.21820512820512822,0,0.00032852224392953096
n=160,0.21820512820512822,1,0.0002068089903566975
n=160,0.21820512820512822,2,0.00019279767867461868
n=160,0.21820512820512822,3,0.00024086851947693297
n=160,0.21820512820512822,4,0.00030411410221107063
n=160,0.21820512820512822,5,0.0002290998140104753
n=160,0.21820512820512822,6,0.00017164231205056313
n=160,0.21820512820512822,7,0.00027364015465575653
n=160,0.21820512820512822,8,0.000224593660095909
n=160,0.21820512820512822,9,0.00023983167315153316
n=160,0.22564102564102564,0,0.00026325100222806186
n=160,0.22564102564102564,1,0.0002326166021754426
n=160,0.22564102564102564,2,0.00024192480939262025
n=160,0.22564102564102564,3,0.00020985108830034723
n=160,0.22564102564102564,4,0.00038721719169267636
n=160,0.22564102564102564,5,0.00018980650059264147
n=160,0.22564102564102564,6,0.00022553342264169365
n=160,0.22564102564102564,7,0.0002603818293192397
n=160,0.22564102564102564,8,0.00021231247130482856
n=160,0.22564102564102564,9,0.00021546880899304984
n=160,0.23307692307692307,0,0.00025916314302902837
n=160,0.23307692307692307,1,0.0002031080368047198
n=160,0.23307692307692307,2,0.00022170390366796754
n=160,0.23307692307692307,3,0.00021313702908117566
n=160,0.23307692307692307,4,0.00021049401799300081
n=160,0.23307692307692307,5,0.0002140895460756885
n=160,0.23307692307692307,6,0.0002651227109271771
n=160,0.23307692307692307,7,0.00025856373505412413
n=160,0.23307692307692307,8,0.0003516538517766885
n=160,0.23307692307692307,9,0.00027871873059368555
n=160,0.24051282051282052,0,0.00027333758837193837
n=160,0.24051282051282052,1,0.00020637780485569123
n=160,0.24051282051282052,2,0.00026323805897121946
n=160,0.24051282051282052,3,0.0002228322600171365
n=160,0.24051282051282052,4,0.00020829399082678487
n=160,0.24051282051282052,5,0.0002770808260385743
n=160,0.24051282051282052,6,0.00021160902191596557
n=160,0.24051282051282052,7,0.00024122326891777029
n=160,0.24051282051282052,8,0.00022600419353559407
n=160,0.24051282051282052,9,0.00023952290474884872
n=160,0.24794871794871795,0,0.00042094713873008424
n=160,0.24794871794871795,1,0.0002149108249707701
n=160,0.24794871794871795,2,0.0002662388385898907
n=160,0.24794871794871795,3,0.00034456186861810817
n=160,0.24794871794871795,4,0.00025807439586623965
n=160,0.24794871794871795,5,0.0002922878390980475
n=160,0.24794871794871795,6,0.0002910858903764326
n=160,0.24794871794871795,7,0.00025730155782368246
n=160,0.24794871794871795,8,0.00025771088519001224
n=160,0.24794871794871795,9,0.0002448856331731395
n=160,0.2553846153846154,0,0.0002477388102154535
n=160,0.2553846153846154,1,0.00023589956306221022
n=160,0.2553846153846154,2,0.0002520387659347816
n=160,0.2553846153846154,3,0.00023183768656305035
n=160,0.2553846153846154,4,0.00032006712169320445
n=160,0.2553846153846154,5,0.0002109267956266087
n=160,0.2553846153846154,6,0.00022762542190073285
n=160,0.2553846153846154,7,0.00023687329218213108
n=160,0.2553846153846154,8,0.00024610315199451665
n=160,0.2553846153846154,9,0.00018734589740105755
n=160,0.26282051282051283,0,0.00034037307276183095
n=160,0.26282051282051283,1,0.00037328138226202986
n=160,0.26282051282051283,2,0.000254097042080644
n=160,0.26282051282051283,3,0.00018508718811511952
n=160,0.26282051282051283,4,0.00027583855669631235
n=160,0.26282051282051283,5,0.00023193077628071534
n=160,0.26282051282051283,6,0.00020869569078991592
n=160,0.26282051282051283,7,0.00021275358770414987
n=160,0.26282051282051283,8,0.00026072690890753883
n=160,0.26282051282051283,9,0.0002727256504169527
n=160,0.2702564102564103,0,0.0002343177095981468
n=160,0.2702564102564103,1,0.00023232534189063087
n=160,0.2702564102564103,2,0.0003435477096046239
n=160,0.2702564102564103,3,0.0002578979432336237
n=160,0.2702564102564103,4,0.0002555648934930974
n=160,0.2702564102564103,5,0.0005292497599107612
n=160,0.2702564102564103,6,0.00023531821138245363
n=160,0.2702564102564103,7,0.0003648370124981316
n=160,0.2702564102564103,8,0.0002595854826595685
n=160,0.2702564102564103,9,0.00031182470410895987
n=160,0.2776923076923077,0,0.0002470081266890541
n=160,0.2776923076923077,1,0.00027226341927709456
n=160,0.2776923076923077,2,0.00035672202975100517
n=160,0.2776923076923077,3,0.0003437038330215479
n=160,0.2776923076923077,4,0.00021416963916999807
n=160,0.2776923076923077,5,0.00027155268788467353
n=160,0.2776923076923077,6,0.00029859251921945257
n=160,0.2776923076923077,7,0.00020168799443619643
n=160,0.2776923076923077,8,0.00028436214881891945
n=160,0.2776923076923077,9,0.0002625921189923351
n=160,0.28512820512820514,0,0.00037413962195985195
n=160,0.28512820512820514,1,0.000322098596298277
n=160,0.28512820512820514,2,0.00036098439638694075
n=160,0.28512820512820514,3,0.0002627080241666919
n=160,0.28512820512820514,4,0.00026137398492899857
n=160,0.28512820512820514,5,0.0002910435826768908
n=160,0.28512820512820514,6,0.00027757054397518265
n=160,0.28512820512820514,7,0.0002711312785402113
n=160,0.28512820512820514,8,0.00025593589570400147
n=160,0.28512820512820514,9,0.00025431366537893775
n=160,0.2925641025641026,0,0.0003182810007855574
n=160,0.2925641025641026,1,0.00031295662372563817
n=160,0.2925641025641026,2,0.000283906020823393
n=160,0.2925641025641026,3,0.0003411551218886843
n=160,0.2925641025641026,4,0.0003554301166555299
n=160,0.2925641025641026,5,0.0002689156155393005
n=160,0.2925641025641026,6,0.00035682289246121736
n=160,0.2925641025641026,7,0.0002258001404287338
n=160,0.2925641025641026,8,0.00026131929908376755
n=160,0.2925641025641026,9,0.0003603006715822336
n=160,0.3,0,0.00022975581682416088
n=160,0.3,1,0.00033039282217100445
n=160,0.3,2,0.000249889941112974
n=160,0.3,3,0.0002424290943627152
n=160,0.3,4,0.00037895459804058995
n=160,0.3,5,0.0002679515452265602
n=160,0.3,6,0.00030591371950704574
n=160,0.3,7,0.00033242758552531394
n=160,0.3,8,0.0003198508040556859
n=160,0.3,9,0.0002624288998677238
n=320,0.01,0,2.650471448955034e-05
n=320,0.01,1,2.702091777048569e-05
n=320,0.01,2,2.6728937471543498e-05
n=320,0.01,3,2.6540611072742398e-05
n=320,0.01,4,2.6628819495595732e-05
n=320,0.01,5,2.5858245199408848e-05
n=320,0.01,6,2.752303769199885e-05
n=320,0.01,7,2.6306031703534497e-05
n=320,0.01,8,2.6908750923279955e-05
n=320,0.01,9,2.4569887854567157e-05
n=320,0.017435897435897435,0,2.5532380681997968e-05
n=320,0.017435897435897435,1,2.6061479013716273e-05
n=320,0.017435897435897435,2,2.9112829063935486e-05
n=320,0.017435897435897435,3,2.5964592401576613e-05
n=320,0.017435897435897435,4,2.623346415205227e-05
n=320,0.017435897435897435,5,2.552019118057442e-05
n=320,0.017435897435897435,6,2.8560935268785755e-05
n=320,0.017435897435897435,7,2.6456845915975283e-05
n=320,0.017435897435897435,8,2.7041575283747195e-05
n=320,0.017435897435897435,9,2.8148874505945867e-05
n=320,0.02487179487179487,0,2.74813987312549e-05
n=320,0.02487179487179487,1,2.7198464616952434e-05
n=320,0.02487179487179487,2,2.731527943424186e-05
n=320,0.02487179487179487,3,2.6475882956302575e-05
n=320,0.02487179487179487,4,2.747447058399552e-05
n=320,0.02487179487179487,5,2.7376241336030292e-05
n=320,0.02487179487179487,6,2.7105038659557742e-05
n=320,0.02487179487179487,7,2.6832634854524433e-05
n=320,0.02487179487179487,8,2.8251694681384043e-05
n=320,0.02487179487179487,9,2.763494389123522e-05
n=320,0.03230769230769231,0,2.687967989659836e-05
n=320,0.03230769230769231,1,2.921232123434877e-05
n=320,0.03230769230769231,2,2.6796052883686724e-05
n=320,0.03230769230769231,3,2.6898045582123656e-05
n=320,0.03230769230769231,4,2.5749183464223977e-05
n=320,0.03230769230769231,5,2.7149772034430767e-05
n=320,0.03230769230769231,6,2.6392573721428625e-05
n=320,0.03230769230769231,7,2.6476899774450875e-05
n=320,0.03230769230769231,8,2.9166983706715835e-05
n=320,0.03230769230769231,9,2.6862374890461435e-05
n=320,0.03974358974358974,0,2.7070895031935143e-05
n=320,0.03974358974358974,1,2.7531066812073992e-05
n=320,0.03974358974358974,2,2.7936203825194934e-05
n=320,0.03974358974358974,3,2.709091569051164e-05
n=320,0.03974358974358974,4,3.007519741992921e-05
n=320,0.03974358974358974,5,2.6885090874126493e-05
n=320,0.03974358974358974,6,2.649498449572007e-05
n=320,0.03974358974358974,7,2.704204887355533e-05
n=320,0.03974358974358974,8,2.7866395606581552e-05
n=320,0.03974358974358974,9,2.898129664755696e-05
n=320,0.04717948717948718,0,2.643216979130779e-05
n=320,0.04717948717948718,1,2.6679747374052213e-05
n=320,0.04717948717948718,2,2.7525018375328157e-05
n=320,0.04717948717948718,3,2.723794171866321e-05
n=320,0.04717948717948718,4,2.7824907883269282e-05
n=320,0.04717948717948718,5,2.8257326280955247e-05
n=320,0.04717948717948718,6,2.73561187301822e-05
n=320,0.04717948717948718,7,2.779017934319546e-05
n=320,0.04717948717948718,8,2.8926810101863016e-05
n=320,0.04717948717948718,9,2.7594594321239873e-05
n=320,0.054615384615384614,0,2.9030299966961143e-05
n=320,0.054615384615384614,1,2.8390098607700795e-05
n=320,0.054615384615384614,2,2.9938815398988856e-05
n=320,0.054615384615384614,3,2.778720544058404e-05
n=320,0.054615384615384614,4,2.871210988780113e-05
n=320,0.054615384615384614,5,2.7764594312911103e-05
n=320,0.054615384615384614,6,2.631014852001161e-05
n=320,0.054615384615384614,7,2.8139855580084915e-05
n=320,0.054615384615384614,8,2.7020519626095325e-05
n=320,0.054615384615384614,9,2.6228791969120635e-05
n=320,0.062051282051282054,0,3.151880380221646e-05
n=320,0.062051282051282054,1,2.9905748332355703e-05
n=320,0.062051282051282054,2,2.8710977836671495e-05
n=320,0.062051282051282054,3,2.572758142237185e-05
n=320,0.062051282051282054,4,2.8430957231505097e-05
n=320,0.062051282051282054,5,2.8526586612757326e-05
n=320,0.062051282051282054,6,2.813156886124518e-05
n=320,0.062051282051282054,7,2.8843239808999723e-05
n=320,0.062051282051282054,8,2.8996728622822394e-05
n=320,0.062051282051282054,9,2.9561042307982588e-05
n=320,0.06948717948717949,0,2.936852579860652e-05
n=320,0.06948717948717949,1,2.839867855200879e-05
n=320,0.06948717948717949,2,2.912929401203165e-05
n=320,0.06948717948717949,3,2.9385265378526094e-05
n=320,0.06948717948717949,4,3.0000419454884615e-05
n=320,0.06948717948717949,5,2.7581541576526872e-05
n=320,0.06948717948717949,6,2.8119801577769844e-05
n=320,0.06948717948717949,7,2.6726586989151423e-05
n=320,0.06948717948717949,8,3.087024187807148e-05
n=320,0.06948717948717949,9,3.458744716689419e-05
n=320,0.07692307692307691,0,3.08330037615119e-05
n=320,0.07692307692307691,1,2.7858900395206432e-05
n=320,0.07692307692307691,2,3.0579307692658536e-05
n=320,0.07692307692307691,3,2.928887220276444e-05
n=320,0.07692307692307691,4,2.803662370476858e-05
n=320,0.07692307692307691,5,3.0306601231567517e-05
n=320,0.07692307692307691,6,2.845891661095706e-05
n=320,0.07692307692307691,7,2.961618465961555e-05
n=320,0.07692307692307691,8,3.391878213302874e-05
n=320,0.07692307692307691,9,2.8681654493991127e-05
n=320,0.08435897435897435,0,3.3681415035273996e-05
n=320,0.08435897435897435,1,3.105763518751874e-05
n=320,0.08435897435897435,2,2.7649940810997798e-05
n=320,0.08435897435897435,3,3.404716684106975e-05
n=320,0.08435897435897435,4,3.313938267991388e-05
n=320,0.08435897435897435,5,3.0174072611315658e-05
n=320,0.08435897435897435,6,2.968854323219063e-05
n=320,0.08435897435897435,7,3.101721724541206e-05
n=320,0.08435897435897435,8,3.266818945820949e-05
n=320,0.08435897435897435,9,3.548873858141071e-05
n=320,0.0917948717948718,0,3.1352053993694106e-05
n=320,0.0917948717948718,1,2.9268841208405713e-05
n=320,0.0917948717948718,2,3.084008943346546e-05
n=320,0.0917948717948718,3,3.0251336811743093e-05
n=320,0.0917948717948718,4,3.204585674433899e-05
n=320,0.0917948717948718,5,3.608557860907008e-05
n=320,0.0917948717948718,6,3.410868239585245e-05
n=320,0.0917948717948718,7,3.3379897641910726e-05
n=320,0.0917948717948718,8,3.4099061388369424e-05
n=320,0.0917948717948718,9,3.342169167496259e-05
n=320,0.09923076923076922,0,3.597026486476789e-05
n=320,0.09923076923076922,1,2.9554269757071676e-05
n=320,0.09923076923076922,2,3.25172701987348e-05
n=320,0.09923076923076922,3,3.10910277786473e-05
n=320,0.09923076923076922,4,3.063410428109303e-05
n=320,0.09923076923076922,5,3.367385451389148e-05
n=320,0.09923076923076922,6,3.2657413402314574e-05
n=320,0.09923076923076922,7,3.384569352033126e-05
n=320,0.09923076923076922,8,3.198718257100137e-05
n=320,0.09923076923076922,9,3.136656633591157e-05
n=320,0.10666666666666666,0,3.154045823822507e-05
n=320,0.10666666666666666,1,3.421882185143164e-05
n=320,0.10666666666666666,2,3.3791483788881334e-05
n=320,0.10666666666666666,3,3.8590849224850666e-05
n=320,0.10666666666666666,4,3.234113472971182e-05
n=320,0.10666666666666666,5,3.695105361038792e-05
n=320,0.10666666666666666,6,3.315406333420665e-05
n=320,0.10666666666666666,7,3.76844321373427e-05
n=320,0.10666666666666666,8,3.323727925811884e-05
n=320,0.10666666666666666,9,3.438282244186165e-05
n=320,0.1141025641025641,0,3.3024117781698966e-05
n=320,0.1141025641025641,1,3.131939625773235e-05
n=320,0.1141025641025641,2,3.319705403861537e-05
n=320,0.1141025641025641,3,3.2629919366599745e-05
n=320,0.1141025641025641,4,3.078788865917172e-05
n=320,0.1141025641025641,5,3.79431437846886e-05
n=320,0.1141025641025641,6,3.035612378985063e-05
n=320,0.1141025641025641,7,3.893410323464774e-05
n=320,0.1141025641025641,8,2.8979944344063635e-05
n=320,0.1141025641025641,9,3.442961378140811e-05
n=320,0.12153846153846153,0,4.421974580505081e-05
n=320,0.12153846153846153,1,4.660250388494703e-05
n=320,0.12153846153846153,2,3.590839275506187e-05
n=320,0.12153846153846153,3,3.4576348112109995e-05
n=320,0.12153846153846153,4,3.1482582803798014e-05
n=320,0.12153846153846153,5,3.720730309792537e-05
n=320,0.12153846153846153,6,3.8027714528649485e-05
n=320,0.12153846153846153,7,3.424795322897814e-05
n=320,0.12153846153846153,8,3.2936336117763916e-05
n=320,0.12153846153846153,9,3.571696708344448e-05
n=320,0.12897435897435897,0,4.294598257239922e-05
n=320,0.12897435897435897,1,3.453754375544675e-05
n=320,0.12897435897435897,2,4.3089391062576914e-05
n=320,0.12897435897435897,3,3.7652782406994795e-05
n=320,0.12897435897435897,4,3.4319069210273635e-05
n=320,0.12897435897435897,5,3.668582089978226e-05
n=320,0.12897435897435897,6,3.412207045313342e-05
n=320,0.12897435897435897,7,4.2636343391373336e-05
n=320,0.12897435897435897,8,3.495974769253609e-05
n=320,0.12897435897435897,9,4.457764056951955e-05
n=320,0.13641025641025642,0,3.994770834663489e-05
n=320,0.13641025641025642,1,3.6702511837422945e-05
n=320,0.13641025641025642,2,5.40255160659042e-05
n=320,0.13641025641025642,3,4.288531067788889e-05
n=320,0.13641025641025642,4,3.6901853453572473e-05
n=320,0.13641025641025642,5,4.1547553655822896e-05
n=320,0.13641025641025642,6,7.201915653593106e-05
n=320,0.13641025641025642,7,4.069613384335536e-05
n=320,0.13641025641025642,8,3.454143185440132e-05
n=320,0.13641025641025642,9,3.696206970986137e-05
n=320,0.14384615384615385,0,3.6307981629501056e-05
n=320,0.14384615384615385,1,3.7416544223042725e-05
n=320,0.14384615384615385,2,5.722745773846893e-05
n=320,0.14384615384615385,3,3.8215826380015394e-05
n=320,0.14384615384615385,4,3.47513122431525e-05
n=320,0.14384615384615385,5,4.0113766870128204e-05
n=320,0.14384615384615385,6,6.775371250602163e-05
n=320,0.14384615384615385,7,3.57686909606177e-05
n=320,0.14384615384615385,8,4.5744931666750503e-05
n=320,0.14384615384615385,9,4.3125796540769864e-05
n=320,0.1512820512820513,0,4.9415464988951e-05
n=320,0.1512820512820513,1,3.680323145105021e-05
n=320,0.1512820512820513,2,3.583305076732383e-05
n=320,0.1512820512820513,3,3.994495404786824e-05
n=320,0.1512820512820513,4,3.837560634212865e-05
n=320,0.1512820512820513,5,3.922446410790934e-05
n=320,0.1512820512820513,6,3.7595228271398205e-05
n=320,0.1512820512820513,7,3.72210337897715e-05
n=320,0.1512820512820513,8,6.305067982285045e-05
n=320,0.1512820512820513,9,4.60622187569853e-05
n=320,0.15871794871794873,0,3.633741601347309e-05
n=320,0.15871794871794873,1,4.3232934276915566e-05
n=320,0.15871794871794873,2,3.647674337818915e-05
n=320,0.15871794871794873,3,3.813721547588612e-05
n=320,0.15871794871794873,4,3.928520196881511e-05
n=320,0.15871794871794873,5,3.845895935207754e-05
n=320,0.15871794871794873,6,3.472754081021012e-05
n=320,0.15871794871794873,7,4.049755519537186e-05
n=320,0.15871794871794873,8,5.076148047328531e-05
n=320,0.15871794871794873,9,7.688359802937551e-05
n=320,0.16615384615384615,0,5.1441144645205e-05
n=320,0.16615384615384615,1,6.541915391178503e-05
n=320,0.16615384615384615,2,5.424108279608196e-05
n=320,0.16615384615384615,3,4.552183065395522e-05
n=320,0.16615384615384615,4,4.3213099629017406e-05
n=320,0.16615384615384615,5,5.098146245260793e-05
n=320,0.16615384615384615,6,3.9825574239120284e-05
n=320,0.16615384615384615,7,4.3789574534907006e-05
n=320,0.16615384615384615,8,4.3165545834516153e-05
n=320,0.16615384615384615,9,4.141788566827919e-05
n=320,0.1735897435897436,0,5.584172221441438e-05
n=320,0.1735897435897436,1,4.664981507857e-05
n=320,0.1735897435897436,2,5.2229923346670544e-05
n=320,0.1735897435897436,3,4.0203302456741e-05
n=320,0.1735897435897436,4,4.9362723283362584e-05
n=320,0.1735897435897436,5,5.003017487526559e-05
n=320,0.1735897435897436,6,4.3967975685108364e-05
n=320,0.1735897435897436,7,4.972313923299574e-05
n=320,0.1735897435897436,8,4.6630392942505464e-05
n=320,0.1735897435897436,9,4.413000698146986e-05
n=320,0.18102564102564103,0,5.452656326667341e-05
n=320,0.18102564102564103,1,4.140601622366654e-05
n=320,0.18102564102564103,2,4.686200977983907e-05
n=320,0.18102564102564103,3,4.454839095511227e-05
n=320,0.18102564102564103,4,5.05366978731323e-05
n=320,0.18102564102564103,5,5.3229234113156156e-05
n=320,0.18102564102564103,6,4.25426450802706e-05
n=320,0.18102564102564103,7,5.1044613569046476e-05
n=320,0.18102564102564103,8,4.1902171010824194e-05
n=320,0.18102564102564103,9,5.160706525615662e-05
n=320,0.18846153846153846,0,5.6125311482433415e-05
n=320,0.18846153846153846,1,4.741114441889892e-05
n=320,0.18846153846153846,2,4.32727141468141e-05
n=320,0.18846153846153846,3,4.538462368365305e-05
n=320,0.18846153846153846,4,5.259067895176707e-05
n=320,0.18846153846153846,5,4.423197074762797e-05
n=320,0.18846153846153846,6,5.0927190785887836e-05
n=320,0.18846153846153846,7,5.2753908200626914e-05
n=320,0.18846153846153846,8,7.185043835317423e-05
n=320,0.18846153846153846,9,4.70718105102603e-05
n=320,0.1958974358974359,0,4.014916675801494e-05
n=320,0.1958974358974359,1,4.7069041304970545e-05
n=320,0.1958974358974359,2,5.132610599787685e-05
n=320,0.1958974358974359,3,4.780536485647841e-05
n=320,0.1958974358974359,4,6.333769698097714e-05
n=320,0.1958974358974359,5,4.890694650120101e-05
n=320,0.1958974358974359,6,8.427571739872363e-05
n=320,0.1958974358974359,7,4.741168227007004e-05
n=320,0.1958974358974359,8,4.815596696924343e-05
n=320,0.1958974358974359,9,4.6417472022775304e-05
n=320,0.20333333333333334,0,4.009622446145552e-05
n=320,0.20333333333333334,1,5.985728055966589e-05
n=320,0.20333333333333334,2,7.559213679333724e-05
n=320,0.20333333333333334,3,5.506605179458262e-05
n=320,0.20333333333333334,4,4.249349780530736e-05
n=320,0.20333333333333334,5,5.34060966748829e-05
n=320,0.20333333333333334,6,4.3568132522009724e-05
n=320,0.20333333333333334,7,3.8696758548903097e-05
n=320,0.20333333333333334,8,4.8886353612781274e-05
n=320,0.20333333333333334,9,5.6644795762880945e-05
n=320,0.21076923076923076,0,4.615065197898466e-05
n=320,0.21076923076923076,1,5.936693629710432e-05
n=320,0.21076923076923076,2,4.648890902179862e-05
n=320,0.21076923076923076,3,5.1142170516275334e-05
n=320,0.21076923076923076,4,5.18047741877623e-05
n=320,0.21076923076923076,5,4.780918534161042e-05
n=320,0.21076923076923076,6,7.586206826297668e-05
n=320,0.21076923076923076,7,5.160363837808516e-05
n=320,0.21076923076923076,8,5.957085064636526e-05
n=320,0.21076923076923076,9,5.625940086872035e-05
n=320,0.21820512820512822,0,6.8517266416081e-05
n=320,0.21820512820512822,1,5.142161811490345e-05
n=320,0.21820512820512822,2,5.275668050796875e-05
n=320,0.21820512820512822,3,5.285623082854773e-05
n=320,0.21820512820512822,4,0.00013891605087455657
n=320,0.21820512820512822,5,6.325014993179801e-05
n=320,0.21820512820512822,6,4.260017470151991e-05
n=320,0.21820512820512822,7,6.62694175205465e-05
n=320,0.21820512820512822,8,6.336395276416103e-05
n=320,0.21820512820512822,9,5.843261088337288e-05
n=320,0.22564102564102564,0,6.287680535480043e-05
n=320,0.22564102564102564,1,6.209246349004535e-05
n=320,0.22564102564102564,2,5.8331290473576223e-05
n=320,0.22564102564102564,3,4.489635267916226e-05
n=320,0.22564102564102564,4,8.434274406452828e-05
n=320,0.22564102564102564,5,5.3199814375063455e-05
n=320,0.22564102564102564,6,5.433819126352918e-05
n=320,0.22564102564102564,7,6.709790652737209e-05
n=320,0.22564102564102564,8,5.721443379823844e-05
n=320,0.22564102564102564,9,6.99502740294523e-05
n=320,0.23307692307692307,0,8.254142648934546e-05
n=320,0.23307692307692307,1,5.300894658298908e-05
n=320,0.23307692307692307,2,6.441863793120625e-05
n=320,0.23307692307692307,3,5.099047475636207e-05
n=320,0.23307692307692307,4,4.7303478572264e-05
n=320,0.23307692307692307,5,5.695166302467842e-05
n=320,0.23307692307692307,6,7.242135089724719e-05
n=320,0.23307692307692307,7,6.806908394923217e-05
n=320,0.23307692307692307,8,0.00011610173025528836
n=320,0.23307692307692307,9,6.778924361611883e-05
n=320,0.24051282051282052,0,7.612429480585683e-05
n=320,0.24051282051282052,1,6.232437269052477e-05
n=320,0.24051282051282052,2,7.389850016433526e-05
n=320,0.24051282051282052,3,5.498289249832505e-05
n=320,0.24051282051282052,4,5.540244028145746e-05
n=320,0.24051282051282052,5,6.362881526725228e-05
n=320,0.24051282051282052,6,5.539586639606067e-05
n=320,0.24051282051282052,7,8.46029201948786e-05
n=320,0.24051282051282052,8,4.7876857869125455e-05
n=320,0.24051282051282052,9,7.544926536134091e-05
n=320,0.24794871794871795,0,0.00012875614616960444
n=320,0.24794871794871795,1,5.923675319348631e-05
n=320,0.24794871794871795,2,8.43705070369038e-05
n=320,0.24794871794871795,3,8.396538255208188e-05
n=320,0.24794871794871795,4,6.819450470171635e-05
n=320,0.24794871794871795,5,7.02741474151392e-05
n=320,0.24794871794871795,6,7.723445917764175e-05
n=320,0.24794871794871795,7,7.720192706828574e-05
n=320,0.24794871794871795,8,7.539467023137155e-05
n=320,0.24794871794871795,9,7.316763306218689e-05
n=320,0.2553846153846154,0,7.461378715317203e-05
n=320,0.2553846153846154,1,5.63274430772621e-05
n=320,0.2553846153846154,2,6.604460841613877e-05
n=320,0.2553846153846154,3,5.235084801770153e-05
n=320,0.2553846153846154,4,9.567846866524759e-05
n=320,0.2553846153846154,5,5.587193892170121e-05
n=320,0.2553846153846154,6,6.886342415664303e-05
n=320,0.2553846153846154,7,6.78734984637197e-05
n=320,0.2553846153846154,8,7.231007754880407e-05
n=320,0.2553846153846154,9,4.993879875835668e-05
n=320,0.26282051282051283,0,8.551553950436391e-05
n=320,0.26282051282051283,1,0.00014803145880291934
n=320,0.26282051282051283,2,7.602026142521529e-05
n=320,0.26282051282051283,3,6.245727405683239e-05
n=320,0.26282051282051283,4,6.308238197503955e-05
n=320,0.26282051282051283,5,6.596768257986772e-05
n=320,0.26282051282051283,6,9.387059572289366e-05
n=320,0.26282051282051283,7,5.212240389838608e-05
n=320,0.26282051282051283,8,8.733068187304077e-05
n=320,0.26282051282051283,9,8.0670650203552e-05
n=320,0.2702564102564103,0,6.0446266762493406e-05
n=320,0.2702564102564103,1,7.31427503995019e-05
n=320,0.2702564102564103,2,0.00013382629561023866
n=320,0.2702564102564103,3,7.99147849583762e-05
n=320,0.2702564102564103,4,7.497032673285255e-05
n=320,0.2702564102564103,5,7.645175211768195e-05
n=320,0.2702564102564103,6,7.262013481871716e-05
n=320,0.2702564102564103,7,9.488026155805129e-05
n=320,0.2702564102564103,8,6.890180600570456e-05
n=320,0.2702564102564103,9,9.368634179637298e-05
n=320,0.2776923076923077,0,6.50726244760959e-05
n=320,0.2776923076923077,1,6.838073448639895e-05
n=320,0.2776923076923077,2,9.393818024009915e-05
n=320,0.2776923076923077,3,9.495786174859927e-05
n=320,0.2776923076923077,4,5.243268371473017e-05
n=320,0.2776923076923077,5,7.722635369027783e-05
n=320,0.2776923076923077,6,8.554589840714471e-05
n=320,0.2776923076923077,7,5.519867158446308e-05
n=320,0.2776923076923077,8,7.613670191012588e-05
n=320,0.2776923076923077,9,8.211971336384654e-05
n=320,0.28512820512820514,0,0.0001679326980814954
n=320,0.28512820512820514,1,9.113359443611135e-05
n=320,0.28512820512820514,2,7.24244353115707e-05
n=320,0.28512820512820514,3,7.258311240810015e-05
n=320,0.28512820512820514,4,8.332556409128789e-05
n=320,0.28512820512820514,5,7.350965300130395e-05
n=320,0.28512820512820514,6,7.877958151934669e-05
n=320,0.28512820512820514,7,6.039595872920233e-05
n=320,0.28512820512820514,8,8.17271519938867e-05
n=320,0.28512820512820514,9,6.77257250413436e-05
n=320,0.2925641025641026,0,0.00010966830620734628
n=320,0.2925641025641026,1,6.355651543520573e-05
n=320,0.2925641025641026,2,9.844892441279354e-05
n=320,0.2925641025641026,3,8.20342211002713e-05
n=320,0.2925641025641026,4,0.0001274040177891917
n=320,0.2925641025641026,5,7.945365532161619e-05
n=320,0.2925641025641026,6,0.00010158291402644954
n=320,0.2925641025641026,7,6.273520026805018e-05
n=320,0.2925641025641026,8,0.00010261840261205626
n=320,0.2925641025641026,9,8.373762775392901e-05
n=320,0.3,0,6.0234320707682436e-05
n=320,0.3,1,0.00010003473927898941
n=320,0.3,2,7.977089479428384e-05
n=320,0.3,3,5.848297819859584e-05
n=320,0.3,4,0.00011594511552146924
n=320,0.3,5,6.665356912158829e-05
n=320,0.3,6,6.51127802574704e-05
n=320,0.3,7,7.988091738590711e-05
n=320,0.3,8,6.663370098097746e-05
n=320,0.3,9,9.171193781582488e-05
n=640,0.01,0,1.228490340555032e-06
n=640,0.01,1,1.2836136900998497e-06
n=640,0.01,2,1.2031164206363399e-06
n=640,0.01,3,1.1823128043765764e-06
n=640,0.01,4,1.1980756150410946e-06
n=640,0.01,5,1.1961253975832133e-06
n=640,0.01,6,1.2396881645485055e-06
n=640,0.01,7,1.2397399518495253e-06
n=640,0.01,8,1.210329014379575e-06
n=640,0.01,9,1.2507508483084163e-06
n=640,0.017435897435897435,0,1.3194969372452934e-06
n=640,0.017435897435897435,1,1.2008686027480625e-06
n=640,0.017435897435897435,2,1.2215239989787742e-06
n=640,0.017435897435897435,3,1.218531462811988e-06
n=640,0.017435897435897435,4,1.2609652738373027e-06
n=640,0.017435897435897435,5,1.2931847400801222e-06
n=640,0.017435897435897435,6,1.2018896541146574e-06
n=640,0.017435897435897435,7,1.2908259958382771e-06
n=640,0.017435897435897435,8,1.2468181746956137e-06
n=640,0.017435897435897435,9,1.1428080270071279e-06
n=640,0.02487179487179487,0,1.1922547311531285e-06
n=640,0.02487179487179487,1,1.2773820472786012e-06
n=640,0.02487179487179487,2,1.3145071260807818e-06
n=640,0.02487179487179487,3,1.290182923914786e-06
n=640,0.02487179487179487,4,1.1901369141390194e-06
n=640,0.02487179487179487,5,1.2406535754387466e-06
n=640,0.02487179487179487,6,1.2452326774203943e-06
n=640,0.02487179487179487,7,1.2713825532303368e-06
n=640,0.02487179487179487,8,1.3253992627561814e-06
n=640,0.02487179487179487,9,1.2492474717546365e-06
n=640,0.03230769230769231,0,1.2750957423539678e-06
n=640,0.03230769230769231,1,1.20942795505847e-06
n=640,0.03230769230769231,2,1.3883206908399405e-06
n=640,0.03230769230769231,3,1.437892999371276e-06
n=640,0.03230769230769231,4,1.3241240929710673e-06
n=640,0.03230769230769231,5,1.2840844467776027e-06
n=640,0.03230769230769231,6,1.2658848389707917e-06
n=640,0.03230769230769231,7,1.2667756473401455e-06
n=640,0.03230769230769231,8,1.351015220195227e-06
n=640,0.03230769230769231,9,1.3115729185873573e-06
n=640,0.03974358974358974,0,1.3653449608149811e-06
n=640,0.03974358974358974,1,1.2893900125257892e-06
n=640,0.03974358974358974,2,1.3126122262454795e-06
n=640,0.03974358974358974,3,1.3273336152470014e-06
n=640,0.03974358974358974,4,1.344934652156655e-06
n=640,0.03974358974358974,5,1.2924505001099876e-06
n=640,0.03974358974358974,6,1.2443018083224607e-06
n=640,0.03974358974358974,7,1.3165913419443855e-06
n=640,0.03974358974358974,8,1.3541629827316565e-06
n=640,0.03974358974358974,9,1.3307085803424008e-06
n=640,0.04717948717948718,0,1.2248909113121256e-06
n=640,0.04717948717948718,1,1.3278632404432838e-06
n=640,0.04717948717948718,2,1.2843690706468521e-06
n=640,0.04717948717948718,3,1.517233890525818e-06
n=640,0.04717948717948718,4,1.3224423777908087e-06
n=640,0.04717948717948718,5,1.4020084760157545e-06
n=640,0.04717948717948718,6,1.412152413715699e-06
n=640,0.04717948717948718,7,1.373249350992028e-06
n=640,0.04717948717948718,8,1.496028027454839e-06
n=640,0.04717948717948718,9,1.4301564117626416e-06
n=640,0.054615384615384614,0,1.3034107646628723e-06
n=640,0.054615384615384614,1,1.4331995976369891e-06
n=640,0.054615384615384614,2,1.4350793234598196e-06
n=640,0.054615384615384614,3,1.4925230915299476e-06
n=640,0.054615384615384614,4,1.4327744033367162e-06
n=640,0.054615384615384614,5,1.4374654681322192e-06
n=640,0.054615384615384614,6,1.3659026996197489e-06
n=640,0.054615384615384614,7,1.5458182955056089e-06
n=640,0.054615384615384614,8,1.3174239817209306e-06
n=640,0.054615384615384614,9,1.3175810697564728e-06
n=640,0.062051282051282054,0,1.5182621494694627e-06
n=640,0.062051282051282054,1,1.3859598209694911e-06
n=640,0.062051282051282054,2,1.6680333610248405e-06
n=640,0.062051282051282054,3,1.5809561232753073e-06
n=640,0.062051282051282054,4,1.3733199027773158e-06
n=640,0.062051282051282054,5,1.5429610650089887e-06
n=640,0.062051282051282054,6,1.4406499929341553e-06
n=640,0.062051282051282054,7,1.5241700858828573e-06
n=640,0.062051282051282054,8,1.4234732626570714e-06
n=640,0.062051282051282054,9,1.7294499612264564e-06
n=640,0.06948717948717949,0,1.6550804674786562e-06
n=640,0.06948717948717949,1,1.6410765991774415e-06
n=640,0.06948717948717949,2,1.5903471865244467e-06
n=640,0.06948717948717949,3,1.7528032610801054e-06
n=640,0.06948717948717949,4,1.5549948727299886e-06
n=640,0.06948717948717949,5,1.5258828412391504e-06
n=640,0.06948717948717949,6,1.561984242191396e-06
n=640,0.06948717948717949,7,1.6350025525824188e-06
n=640,0.06948717948717949,8,1.5977428377719355e-06
n=640,0.06948717948717949,9,2.1009191605209876e-06
n=640,0.07692307692307691,0,1.629068211230214e-06
n=640,0.07692307692307691,1,1.6302348341002851e-06
n=640,0.07692307692307691,2,1.4381450760395466e-06
n=640,0.07692307692307691,3,1.459412078154863e-06
n=640,0.07692307692307691,4,1.5276903838840423e-06
n=640,0.07692307692307691,5,1.6110849065279802e-06
n=640,0.07692307692307691,6,1.4706448957168572e-06
n=640,0.07692307692307691,7,1.6293761283985451e-06
n=640,0.07692307692307691,8,2.116752747079913e-06
n=640,0.07692307692307691,9,1.6952262969801865e-06
n=640,0.08435897435897435,0,2.1380524450209413e-06
n=640,0.08435897435897435,1,1.7518817098950654e-06
n=640,0.08435897435897435,2,1.5811124608911205e-06
n=640,0.08435897435897435,3,1.8415584805752199e-06
n=640,0.08435897435897435,4,2.136096636378279e-06
n=640,0.08435897435897435,5,2.153601705754507e-06
n=640,0.08435897435897435,6,1.5014053167663636e-06
n=640,0.08435897435897435,7,1.6889053434776667e-06
n=640,0.08435897435897435,8,1.7129345359842736e-06
n=640,0.08435897435897435,9,1.8351440325424281e-06
n=640,0.0917948717948718,0,2.1499395846534147e-06
n=640,0.0917948717948718,1,1.7360838427648964e-06
n=640,0.0917948717948718,2,1.7988152009782978e-06
n=640,0.0917948717948718,3,1.7887305573415083e-06
n=640,0.0917948717948718,4,1.7450829841000942e-06
n=640,0.0917948717948718,5,2.075596178950102e-06
n=640,0.0917948717948718,6,1.8780005162131766e-06
n=640,0.0917948717948718,7,1.6450354003794456e-06
n=640,0.0917948717948718,8,2.413422248134499e-06
n=640,0.0917948717948718,9,2.064475472658107e-06
n=640,0.09923076923076922,0,2.3008563545627443e-06
n=640,0.09923076923076922,1,1.7278342938423535e-06
n=640,0.09923076923076922,2,1.8472501672967648e-06
n=640,0.09923076923076922,3,1.7913526324425426e-06
n=640,0.09923076923076922,4,1.7736275293863932e-06
n=640,0.09923076923076922,5,2.193814353183135e-06
n=640,0.09923076923076922,6,1.9841526958896167e-06
n=640,0.09923076923076922,7,1.908134576882791e-06
n=640,0.09923076923076922,8,2.0247727933079947e-06
n=640,0.09923076923076922,9,1.7421983848247254e-06
n=640,0.10666666666666666,0,1.8529646453474085e-06
n=640,0.10666666666666666,1,2.1314589741107787e-06
n=640,0.10666666666666666,2,2.2463036869872555e-06
n=640,0.10666666666666666,3,2.229727630175914e-06
n=640,0.10666666666666666,4,1.7759146159453317e-06
n=640,0.10666666666666666,5,2.3923061203881835e-06
n=640,0.10666666666666666,6,2.038252001832301e-06
n=640,0.10666666666666666,7,2.1817579536708283e-06
n=640,0.10666666666666666,8,2.3221676625927797e-06
n=640,0.10666666666666666,9,2.176179203561855e-06
n=640,0.1141025641025641,0,2.32451944887931e-06
n=640,0.1141025641025641,1,1.8053976271740287e-06
n=640,0.1141025641025641,2,2.0620290625375725e-06
n=640,0.1141025641025641,3,1.989909703912936e-06
n=640,0.1141025641025641,4,1.5975001811009099e-06
n=640,0.1141025641025641,5,2.8496178465662347e-06
n=640,0.1141025641025641,6,1.76839318727695e-06
n=640,0.1141025641025641,7,2.359566427359375e-06
n=640,0.1141025641025641,8,1.6364870623773496e-06
n=640,0.1141025641025641,9,2.197817672357442e-06
n=640,0.12153846153846153,0,3.265391962806232e-06
n=640,0.12153846153846153,1,3.3280007164084653e-06
n=640,0.12153846153846153,2,2.6911886826962268e-06
n=640,0.12153846153846153,3,2.260619209662151e-06
n=640,0.12153846153846153,4,2.0448227776116482e-06
n=640,0.12153846153846153,5,2.309573422071154e-06
n=640,0.12153846153846153,6,2.1981054739962006e-06
n=640,0.12153846153846153,7,2.3327499277524178e-06
n=640,0.12153846153846153,8,2.0901609051276926e-06
n=640,0.12153846153846153,9,2.4250199498283613e-06
n=640,0.12897435897435897,0,2.8301179927815406e-06
n=640,0.12897435897435897,1,2.09662729067482e-06
n=640,0.12897435897435897,2,2.723746155963885e-06
n=640,0.12897435897435897,3,2.3146615387073357e-06
n=640,0.12897435897435897,4,2.5525712639897296e-06
n=640,0.12897435897435897,5,2.5366159238959832e-06
n=640,0.12897435897435897,6,2.321270682042556e-06
n=640,0.12897435897435897,7,2.6968695620085524e-06
n=640,0.12897435897435897,8,2.467840472045156e-06
n=640,0.12897435897435897,9,2.8731998992657625e-06
n=640,0.13641025641025642,0,3.3088807278199574e-06
n=640,0.13641025641025642,1,2.2761902310378e-06
n=640,0.13641025641025642,2,4.481071419846815e-06
n=640,0.13641025641025642,3,3.715798024858037e-06
n=640,0.13641025641025642,4,1.9463102999166405e-06
n=640,0.13641025641025642,5,3.531446648683212e-06
n=640,0.13641025641025642,6,9.434766585578364e-06
n=640,0.13641025641025642,7,2.9664542962347456e-06
n=640,0.13641025641025642,8,2.5362734243520637e-06
n=640,0.13641025641025642,9,2.4308794944292473e-06
n=640,0.14384615384615385,0,2.4955185229274428e-06
n=640,0.14384615384615385,1,2.4744884622224305e-06
n=640,0.14384615384615385,2,3.1065232393196287e-06
n=640,0.14384615384615385,3,2.2910541441263892e-06
n=640,0.14384615384615385,4,2.614539907348744e-06
n=640,0.14384615384615385,5,2.9620917671370494e-06
n=640,0.14384615384615385,6,6.082087936547803e-06
n=640,0.14384615384615385,7,2.7588366613131083e-06
n=640,0.14384615384615385,8,3.904322383879148e-06
n=640,0.14384615384615385,9,2.4820035954480276e-06
n=640,0.1512820512820513,0,2.860279193264898e-06
n=640,0.1512820512820513,1,2.7962970070935875e-06
n=640,0.1512820512820513,2,2.4095548734443805e-06
n=640,0.1512820512820513,3,3.2658521519924496e-06
n=640,0.1512820512820513,4,2.6861554300599213e-06
n=640,0.1512820512820513,5,3.325518161970119e-06
n=640,0.1512820512820513,6,2.68708168743193e-06
n=640,0.1512820512820513,7,2.2917496133565516e-06
n=640,0.1512820512820513,8,8.053017489687308e-06
n=640,0.1512820512820513,9,3.369303733629955e-06
n=640,0.15871794871794873,0,2.3021942361913604e-06
n=640,0.15871794871794873,1,3.299886225472326e-06
n=640,0.15871794871794873,2,2.711714963709725e-06
n=640,0.15871794871794873,3,3.0402775002459043e-06
n=640,0.15871794871794873,4,3.0117444717512504e-06
n=640,0.15871794871794873,5,2.670800462996908e-06
n=640,0.15871794871794873,6,2.4658979191570964e-06
n=640,0.15871794871794873,7,3.398135599514227e-06
n=640,0.15871794871794873,8,4.520355127199828e-06
n=640,0.15871794871794873,9,9.461640524595782e-06
n=640,0.16615384615384615,0,6.100645495420577e-06
n=640,0.16615384615384615,1,6.304801336520625e-06
n=640,0.16615384615384615,2,4.315762921668368e-06
n=640,0.16615384615384615,3,3.971699606843185e-06
n=640,0.16615384615384615,4,3.891889009840804e-06
n=640,0.16615384615384615,5,4.552665587497067e-06
n=640,0.16615384615384615,6,3.4670220347607644e-06
n=640,0.16615384615384615,7,4.056879183885467e-06
n=640,0.16615384615384615,8,3.962390244415448e-06
n=640,0.16615384615384615,9,3.730627336524292e-06
n=640,0.1735897435897436,0,5.817698761825147e-06
n=640,0.1735897435897436,1,3.6996800369014022e-06
n=640,0.1735897435897436,2,5.268334795523392e-06
n=640,0.1735897435897436,3,2.81839150333715e-06
n=640,0.1735897435897436,4,4.373449433104542e-06
n=640,0.1735897435897436,5,3.488140350651409e-06
n=640,0.1735897435897436,6,3.001757111040806e-06
n=640,0.1735897435897436,7,4.3024879105527376e-06
n=640,0.1735897435897436,8,3.4124200578489646e-06
n=640,0.1735897435897436,9,3.42562726467259e-06
n=640,0.18102564102564103,0,5.752092180781087e-06
n=640,0.18102564102564103,1,2.3824765597248563e-06
n=640,0.18102564102564103,2,5.038067570477542e-06
n=640,0.18102564102564103,3,3.3272252240033798e-06
n=640,0.18102564102564103,4,3.2761741227905198e-06
n=640,0.18102564102564103,5,5.278368473591326e-06
n=640,0.18102564102564103,6,3.1557249531975386e-06
n=640,0.18102564102564103,7,3.7260059523878047e-06
n=640,0.18102564102564103,8,3.2520868917840215e-06
n=640,0.18102564102564103,9,4.363561040079585e-06
n=640,0.18846153846153846,0,4.288402416523656e-06
n=640,0.18846153846153846,1,3.765719601423121e-06
n=640,0.18846153846153846,2,4.063645570353294e-06
n=640,0.18846153846153846,3,3.5287235263982027e-06
n=640,0.18846153846153846,4,4.270196019361491e-06
n=640,0.18846153846153846,5,3.960334233919008e-06
n=640,0.18846153846153846,6,4.290326240336518e-06
n=640,0.18846153846153846,7,5.509178502590807e-06
n=640,0.18846153846153846,8,6.32866349101292e-06
n=640,0.18846153846153846,9,2.9787064558055167e-06
n=640,0.1958974358974359,0,3.2577447705000185e-06
n=640,0.1958974358974359,1,3.898702558881822e-06
n=640,0.1958974358974359,2,3.4558512726412934e-06
n=640,0.1958974358974359,3,4.1692324960523856e-06
n=640,0.1958974358974359,4,6.356096305593712e-06
n=640,0.1958974358974359,5,3.7383847684730974e-06
n=640,0.1958974358974359,6,1.0850544917526166e-05
n=640,0.1958974358974359,7,3.6698520219495973e-06
n=640,0.1958974358974359,8,4.100438294144611e-06
n=640,0.1958974358974359,9,4.348260882504424e-06
n=640,0.20333333333333334,0,2.8920262040073723e-06
n=640,0.20333333333333334,1,5.476672813951871e-06
n=640,0.20333333333333334,2,4.0250914878835536e-06
n=640,0.20333333333333334,3,4.995646728695791e-06
n=640,0.20333333333333334,4,3.930861707798687e-06
n=640,0.20333333333333334,5,5.104765716266976e-06
n=640,0.20333333333333334,6,4.349247700825553e-06
n=640,0.20333333333333334,7,3.3522790187274226e-06
n=640,0.20333333333333334,8,3.6173752264496707e-06
n=640,0.20333333333333334,9,6.4643031378428545e-06
n=640,0.21076923076923076,0,3.7961571359100427e-06
n=640,0.21076923076923076,1,6.72755834534109e-06
n=640,0.21076923076923076,2,4.435475446214899e-06
n=640,0.21076923076923076,3,4.275711056849149e-06
n=640,0.21076923076923076,4,5.236242278348347e-06
n=640,0.21076923076923076,5,4.570842603686812e-06
n=640,0.21076923076923076,6,8.93688185238749e-06
n=640,0.21076923076923076,7,4.703727497867708e-06
n=640,0.21076923076923076,8,7.968929398605746e-06
n=640,0.21076923076923076,9,5.402728941091103e-06
n=640,0.21820512820512822,0,7.789509430232801e-06
n=640,0.21820512820512822,1,6.946482664910665e-06
n=640,0.21820512820512822,2,5.027129252513187e-06
n=640,0.21820512820512822,3,4.347979401704683e-06
n=640,0.21820512820512822,4,2.1383247843580435e-05
n=640,0.21820512820512822,5,6.460145514087641e-06
n=640,0.21820512820512822,6,3.5457052832937557e-06
n=640,0.21820512820512822,7,7.990337302780374e-06
n=640,0.21820512820512822,8,6.942519533928641e-06
n=640,0.21820512820512822,9,6.945804284863352e-06
n=640,0.22564102564102564,0,9.369173775338489e-06
n=640,0.22564102564102564,1,6.052045629135309e-06
n=640,0.22564102564102564,2,6.6339251135308974e-06
n=640,0.22564102564102564,3,4.541091025777772e-06
n=640,0.22564102564102564,4,8.754800628334654e-06
n=640,0.22564102564102564,5,5.27885440626905e-06
n=640,0.22564102564102564,6,6.173223410620929e-06
n=640,0.22564102564102564,7,6.399504857666456e-06
n=640,0.22564102564102564,8,4.4515040224993675e-06
n=640,0.22564102564102564,9,6.156006484759157e-06
n=640,0.23307692307692307,0,1.0403348211617372e-05
n=640,0.23307692307692307,1,4.5739896067041626e-06
n=640,0.23307692307692307,2,8.478363518584521e-06
n=640,0.23307692307692307,3,5.1345297625035356e-06
n=640,0.23307692307692307,4,5.422720974935746e-06
n=640,0.23307692307692307,5,6.305171512577785e-06
n=640,0.23307692307692307,6,7.971396537731438e-06
n=640,0.23307692307692307,7,9.585655895742677e-06
n=640,0.23307692307692307,8,1.6689967023504142e-05
n=640,0.23307692307692307,9,1.0019684385327652e-05
n=640,0.24051282051282052,0,7.591034147093999e-06
n=640,0.24051282051282052,1,4.981659707858776e-06
n=640,0.24051282051282052,2,8.57337362488465e-06
n=640,0.24051282051282052,3,6.382499813234603e-06
n=640,0.24051282051282052,4,5.830937577956087e-06
n=640,0.24051282051282052,5,7.5088027765801844e-06
n=640,0.24051282051282052,6,5.367145345663373e-06
n=640,0.24051282051282052,7,8.17796407173999e-06
n=640,0.24051282051282052,8,4.033713361824398e-06
n=640,0.24051282051282052,9,7.481772962536725e-06
n=640,0.24794871794871795,0,2.7601878744354306e-05
n=640,0.24794871794871795,1,6.558850663851679e-06
n=640,0.24794871794871795,2,1.1351694293424234e-05
n=640,0.24794871794871795,3,1.40082607107513e-05
n=640,0.24794871794871795,4,6.247263139171439e-06
n=640,0.24794871794871795,5,1.0163037695652676e-05
n=640,0.24794871794871795,6,1.0235313103611151e-05
n=640,0.24794871794871795,7,7.106765590408117e-06
n=640,0.24794871794871795,8,1.0189473379313858e-05
n=640,0.24794871794871795,9,1.2948904077623644e-05
n=640,0.2553846153846154,0,9.400213528186057e-06
n=640,0.2553846153846154,1,5.135303317266355e-06
n=640,0.2553846153846154,2,8.509557522571593e-06
n=640,0.2553846153846154,3,4.944101591089808e-06
n=640,0.2553846153846154,4,1.2082677997710784e-05
n=640,0.2553846153846154,5,5.897325456373016e-06
n=640,0.2553846153846154,6,8.778427741281437e-06
n=640,0.2553846153846154,7,8.90806917063623e-06
n=640,0.2553846153846154,8,8.46004173128166e-06
n=640,0.2553846153846154,9,4.7901860132580955e-06
n=640,0.26282051282051283,0,8.706750242670715e-06
n=640,0.26282051282051283,1,4.4699884101518855e-05
n=640,0.26282051282051283,2,8.061283395845525e-06
n=640,0.26282051282051283,3,6.625667472533296e-06
n=640,0.26282051282051283,4,6.437179036352321e-06
n=640,0.26282051282051283,5,6.880062458540954e-06
n=640,0.26282051282051283,6,9.958658564141095e-06
n=640,0.26282051282051283,7,5.1121890758564784e-06
n=640,0.26282051282051283,8,9.378124623494174e-06
n=640,0.26282051282051283,9,9.71913055312261e-06
n=640,0.2702564102564103,0,7.827327910982401e-06
n=640,0.2702564102564103,1,7.91073140634951e-06
n=640,0.2702564102564103,2,1.8258098867749345e-05
n=640,0.2702564102564103,3,1.1384810250372213e-05
n=640,0.2702564102564103,4,9.649496722569462e-06
n=640,0.2702564102564103,5,6.601602697012988e-06
n=640,0.2702564102564103,6,8.908402371817526e-06
n=640,0.2702564102564103,7,1.32502850802393e-05
n=640,0.2702564102564103,8,9.710071551215584e-06
n=640,0.2702564102564103,9,1.0601365757564032e-05
n=640,0.2776923076923077,0,8.1221413614033e-06
n=640,0.2776923076923077,1,8.66048209775522e-06
n=640,0.2776923076923077,2,1.4274749686987976e-05
n=640,0.2776923076923077,3,1.304737488536592e-05
n=640,0.2776923076923077,4,5.482248738567832e-06
n=640,0.2776923076923077,5,1.4202382030561962e-05
n=640,0.2776923076923077,6,9.254905255587891e-06
n=640,0.2776923076923077,7,4.89171731380992e-06
n=640,0.2776923076923077,8,1.0166199598227912e-05
n=640,0.2776923076923077,9,1.3548596549469458e-05
n=640,0.28512820512820514,0,2.933536248920718e-05
n=640,0.28512820512820514,1,1.610650056233258e-05
n=640,0.28512820512820514,2,8.05993854098335e-06
n=640,0.28512820512820514,3,9.938249388461652e-06
n=640,0.28512820512820514,4,1.0997425360939823e-05
n=640,0.28512820512820514,5,1.3006378929559358e-05
n=640,0.28512820512820514,6,9.946298587514484e-06
n=640,0.28512820512820514,7,6.3406892063002725e-06
n=640,0.28512820512820514,8,9.879438105062981e-06
n=640,0.28512820512820514,9,7.727717536173274e-06
n=640,0.2925641025641026,0,1.479481614700751e-05
n=640,0.2925641025641026,1,8.42821581271757e-06
n=640,0.2925641025641026,2,1.4301571767212368e-05
n=640,0.2925641025641026,3,1.6002980374950814e-05
n=640,0.2925641025641026,4,1.3024328339808881e-05
n=640,0.2925641025641026,5,1.0490693761407825e-05
n=640,0.2925641025641026,6,1.5398933489912923e-05
n=640,0.2925641025641026,7,1.0385039450494227e-05
n=640,0.2925641025641026,8,1.6063390399852706e-05
n=640,0.2925641025641026,9,1.0323705344741521e-05
n=640,0.3,0,5.38302055222341e-06
n=640,0.3,1,1.9131126899965908e-05
n=640,0.3,2,9.000644036245206e-06
n=640,0.3,3,6.259837622209645e-06
n=640,0.3,4,2.1196889765562327e-05
n=640,0.3,5,8.838158168806243e-06
n=640,0.3,6,9.535814897965753e-06
n=640,0.3,7,8.388989383569097e-06
n=640,0.3,8,7.782603293524293e-06
n=640,0.3,9,8.862151106200219e-06
n=1280,0.01,0,8.687795682573551e-08
n=1280,0.01,1,8.288226993924005e-08
n=1280,0.01,2,8.057052407123131e-08
n=1280,0.01,3,8.502819861440345e-08
n=1280,0.01,4,8.386913260691669e-08
n=1280,0.01,5,8.230283616262263e-08
n=1280,0.01,6,8.47919250052529e-08
n=1280,0.01,7,8.635569700846939e-08
n=1280,0.01,8,8.397349888373413e-08
n=1280,0.01,9,8.269157413733029e-08
n=1280,0.017435897435897435,0,8.770747015585906e-08
n=1280,0.017435897435897435,1,8.6425398816356e-08
n=1280,0.017435897435897435,2,8.874102769385146e-08
n=1280,0.017435897435897435,3,8.7242750133945e-08
n=1280,0.017435897435897435,4,8.709102825131837e-08
n=1280,0.017435897435897435,5,8.970404443907564e-08
n=1280,0.017435897435897435,6,9.578631565286639e-08
n=1280,0.017435897435897435,7,9.083918695438562e-08
n=1280,0.017435897435897435,8,8.551242591740014e-08
n=1280,0.017435897435897435,9,9.050399156361605e-08
n=1280,0.02487179487179487,0,8.799834030255287e-08
n=1280,0.02487179487179487,1,1.0005845331702253e-07
n=1280,0.02487179487179487,2,8.703823447672257e-08
n=1280,0.02487179487179487,3,9.269423261771051e-08
n=1280,0.02487179487179487,4,8.148169533539183e-08
n=1280,0.02487179487179487,5,8.998332373555841e-08
n=1280,0.02487179487179487,6,9.597398515476897e-08
n=1280,0.02487179487179487,7,8.678022722469933e-08
n=1280,0.02487179487179487,8,9.113552234819225e-08
n=1280,0.02487179487179487,9,8.851677569739093e-08
n=1280,0.03230769230769231,0,8.740573194614698e-08
n=1280,0.03230769230769231,1,9.727899351791636e-08
n=1280,0.03230769230769231,2,1.0639491394640813e-07
n=1280,0.03230769230769231,3,1.0034908109345649e-07
n=1280,0.03230769230769231,4,8.672008068665745e-08
n=1280,0.03230769230769231,5,9.738015424601198e-08
n=1280,0.03230769230769231,6,9.507117959403639e-08
n=1280,0.03230769230769231,7,1.142849012541521e-07
n=1280,0.03230769230769231,8,1.1458711441232796e-07
n=1280,0.03230769230769231,9,1.1050882981947248e-07
n=1280,0.03974358974358974,0,1.0721252199844888e-07
n=1280,0.03974358974358974,1,9.74467232032378e-08
n=1280,0.03974358974358974,2,9.624313472097844e-08
n=1280,0.03974358974358974,3,1.0203435729115451e-07
n=1280,0.03974358974358974,4,1.1969442049704582e-07
n=1280,0.03974358974358974,5,1.04419821798992e-07
n=1280,0.03974358974358974,6,1.092829503852958e-07
n=1280,0.03974358974358974,7,1.0141903589463273e-07
n=1280,0.03974358974358974,8,1.1993825669205718e-07
n=1280,0.03974358974358974,9,1.0922161414950588e-07
n=1280,0.04717948717948718,0,9.790464941731202e-08
n=1280,0.04717948717948718,1,1.2109609329111102e-07
n=1280,0.04717948717948718,2,1.2854484893957937e-07
n=1280,0.04717948717948718,3,1.342374447479225e-07
n=1280,0.04717948717948718,4,1.1387517665468011e-07
n=1280,0.04717948717948718,5,1.2407970923400705e-07
n=1280,0.04717948717948718,6,1.1746127670691136e-07
n=1280,0.04717948717948718,7,9.962551624157557e-08
n=1280,0.04717948717948718,8,1.3878304545150918e-07
n=1280,0.04717948717948718,9,1.227317437376188e-07
n=1280,0.054615384615384614,0,1.0492987881551583e-07
n=1280,0.054615384615384614,1,1.467561822318549e-07
n=1280,0.054615384615384614,2,1.3042227302456053e-07
n=1280,0.054615384615384614,3,1.2137729065281275e-07
n=1280,0.054615384615384614,4,1.2802493589518088e-07
n=1280,0.054615384615384614,5,1.3588017323413999e-07
n=1280,0.054615384615384614,6,1.2497335539162315e-07
n=1280,0.054615384615384614,7,1.4594869893512048e-07
n=1280,0.054615384615384614,8,1.2608756470336363e-07
n=1280,0.054615384615384614,9,9.645278205585284e-08
n=1280,0.062051282051282054,0,1.7054654081807471e-07
n=1280,0.062051282051282054,1,1.490144154911201e-07
n=1280,0.062051282051282054,2,1.6549451284600003e-07
n=1280,0.062051282051282054,3,1.538120289583678e-07
n=1280,0.062051282051282054,4,1.3188330949025195e-07
n=1280,0.062051282051282054,5,1.4190290536013112e-07
n=1280,0.062051282051282054,6,1.8380130310263123e-07
n=1280,0.062051282051282054,7,1.5283823409173918e-07
n=1280,0.062051282051282054,8,1.2585425904590103e-07
n=1280,0.062051282051282054,9,1.6794985051631328e-07
n=1280,0.06948717948717949,0,1.7021340727836368e-07
n=1280,0.06948717948717949,1,1.7751497906050882e-07
n=1280,0.06948717948717949,2,1.692793090776148e-07
n=1280,0.06948717948717949,3,1.7831444239118587e-07
n=1280,0.06948717948717949,4,1.6878276632628332e-07
n=1280,0.06948717948717949,5,1.4465509469057513e-07
n=1280,0.06948717948717949,6,1.6618298236174976e-07
n=1280,0.06948717948717949,7,1.9063417504014667e-07
n=1280,0.06948717948717949,8,1.7232830670616092e-07
n=1280,0.06948717948717949,9,2.523474766640373e-07
n=1280,0.07692307692307691,0,2.2236018586609862e-07
n=1280,0.07692307692307691,1,1.6154374893640887e-07
n=1280,0.07692307692307691,2,1.8465775616339011e-07
n=1280,0.07692307692307691,3,1.568884833492438e-07
n=1280,0.07692307692307691,4,1.320943185276674e-07
n=1280,0.07692307692307691,5,1.6669478022504198e-07
n=1280,0.07692307692307691,6,1.3878017980077255e-07
n=1280,0.07692307692307691,7,2.0674487635862183e-07
n=1280,0.07692307692307691,8,3.1315846184456073e-07
n=1280,0.07692307692307691,9,1.898892703495901e-07
n=1280,0.08435897435897435,0,2.4397576646853165e-07
n=1280,0.08435897435897435,1,2.3235756703986932e-07
n=1280,0.08435897435897435,2,1.8291265543674023e-07
n=1280,0.08435897435897435,3,3.181824571792488e-07
n=1280,0.08435897435897435,4,2.688212083930955e-07
n=1280,0.08435897435897435,5,2.8123898211428005e-07
n=1280,0.08435897435897435,6,1.6392110329590382e-07
n=1280,0.08435897435897435,7,1.650639122544083e-07
n=1280,0.08435897435897435,8,1.8106955796773493e-07
n=1280,0.08435897435897435,9,2.235294865697416e-07
n=1280,0.0917948717948718,0,2.682848092132947e-07
n=1280,0.0917948717948718,1,2.3226448467213677e-07
n=1280,0.0917948717948718,2,1.7582781626339866e-07
n=1280,0.0917948717948718,3,1.6924809448318595e-07
n=1280,0.0917948717948718,4,2.2790095623478525e-07
n=1280,0.0917948717948718,5,3.3814954634379563e-07
n=1280,0.0917948717948718,6,2.8273118225927603e-07
n=1280,0.0917948717948718,7,2.0879225560170744e-07
n=1280,0.0917948717948718,8,3.7631946528429606e-07
n=1280,0.0917948717948718,9,2.469558801252232e-07
n=1280,0.09923076923076922,0,3.563645405154019e-07
n=1280,0.09923076923076922,1,2.351299179928041e-07
n=1280,0.09923076923076922,2,2.938975733020959e-07
n=1280,0.09923076923076922,3,2.7515668692527267e-07
n=1280,0.09923076923076922,4,2.531405089360542e-07
n=1280,0.09923076923076922,5,2.902409365372448e-07
n=1280,0.09923076923076922,6,3.380962322380387e-07
n=1280,0.09923076923076922,7,3.1107797033660364e-07
n=1280,0.09923076923076922,8,2.0729698766279088e-07
n=1280,0.09923076923076922,9,1.94348428536772e-07
n=1280,0.10666666666666666,0,2.130308208587269e-07
n=1280,0.10666666666666666,1,3.7157531867667393e-07
n=1280,0.10666666666666666,2,2.984604115406145e-07
n=1280,0.10666666666666666,3,3.519829324890968e-07
n=1280,0.10666666666666666,4,3.0812659760836763e-07
n=1280,0.10666666666666666,5,2.9894882617478683e-07
n=1280,0.10666666666666666,6,3.3080787650452306e-07
n=1280,0.10666666666666666,7,3.383817617739241e-07
n=1280,0.10666666666666666,8,3.140581197442317e-07
n=1280,0.10666666666666666,9,2.831161454413682e-07
n=1280,0.1141025641025641,0,4.2970203024954135e-07
n=1280,0.1141025641025641,1,2.620489548366761e-07
n=1280,0.1141025641025641,2,3.6290602501459024e-07
n=1280,0.1141025641025641,3,2.792503558472414e-07
n=1280,0.1141025641025641,4,2.806521386089791e-07
n=1280,0.1141025641025641,5,3.8627360075710924e-07
n=1280,0.1141025641025641,6,2.336419851039532e-07
n=1280,0.1141025641025641,7,3.2303761313424084e-07
n=1280,0.1141025641025641,8,2.4379578961902213e-07
n=1280,0.1141025641025641,9,4.40345828208372e-07
n=1280,0.12153846153846153,0,8.547559928942317e-07
n=1280,0.12153846153846153,1,7.789400370533881e-07
n=1280,0.12153846153846153,2,4.692163777904959e-07
n=1280,0.12153846153846153,3,3.8621119606081407e-07
n=1280,0.12153846153846153,4,2.7135591260296126e-07
n=1280,0.12153846153846153,5,3.759536386046705e-07
n=1280,0.12153846153846153,6,3.648923449499233e-07
n=1280,0.12153846153846153,7,3.348124919636199e-07
n=1280,0.12153846153846153,8,2.975214517673519e-07
n=1280,0.12153846153846153,9,4.947659025677743e-07
n=1280,0.12897435897435897,0,4.4514080374843913e-07
n=1280,0.12897435897435897,1,3.545269902538699e-07
n=1280,0.12897435897435897,2,5.256671707257889e-07
n=1280,0.12897435897435897,3,4.0280909962053004e-07
n=1280,0.12897435897435897,4,5.057422608639965e-07
n=1280,0.12897435897435897,5,4.326996254086574e-07
n=1280,0.12897435897435897,6,3.5118799749913994e-07
n=1280,0.12897435897435897,7,4.870276036528706e-07
n=1280,0.12897435897435897,8,3.991416599380369e-07
n=1280,0.12897435897435897,9,5.80312990749297e-07
n=1280,0.13641025641025642,0,5.8908493575914e-07
n=1280,0.13641025641025642,1,4.027568758692747e-07
n=1280,0.13641025641025642,2,1.625345614773921e-06
n=1280,0.13641025641025642,3,6.434431554602476e-07
n=1280,0.13641025641025642,4,3.45687723862763e-07
n=1280,0.13641025641025642,5,7.510726464106818e-07
n=1280,0.13641025641025642,6,7.444573935046813e-06
n=1280,0.13641025641025642,7,6.656577070944548e-07
n=1280,0.13641025641025642,8,5.190966951293571e-07
n=1280,0.13641025641025642,9,4.04973829042471e-07
n=1280,0.14384615384615385,0,5.218244143179852e-07
n=1280,0.14384615384615385,1,4.2154828334190996e-07
n=1280,0.14384615384615385,2,1.5404040452308206e-06
n=1280,0.14384615384615385,3,4.376459873941176e-07
n=1280,0.14384615384615385,4,4.922564161390313e-07
n=1280,0.14384615384615385,5,6.734941063447279e-07
n=1280,0.14384615384615385,6,2.8558660084052904e-06
n=1280,0.14384615384615385,7,5.546654174219795e-07
n=1280,0.14384615384615385,8,6.890485110418687e-07
n=1280,0.14384615384615385,9,4.394594315752643e-07
n=1280,0.1512820512820513,0,5.028335013419908e-07
n=1280,0.1512820512820513,1,5.640116241581367e-07
n=1280,0.1512820512820513,2,3.224451930827738e-07
n=1280,0.1512820512820513,3,4.070062296429018e-07
n=1280,0.1512820512820513,4,4.5642530579212846e-07
n=1280,0.1512820512820513,5,5.489174612173418e-07
n=1280,0.1512820512820513,6,4.536193891737386e-07
n=1280,0.1512820512820513,7,4.2273159812563346e-07
n=1280,0.1512820512820513,8,2.5733903126183893e-06
n=1280,0.1512820512820513,9,5.911095386990734e-07
n=1280,0.15871794871794873,0,4.848392960329579e-07
n=1280,0.15871794871794873,1,1.143115478037873e-06
n=1280,0.15871794871794873,2,4.5285484049450674e-07
n=1280,0.15871794871794873,3,4.513808878422882e-07
n=1280,0.15871794871794873,4,6.299554552238016e-07
n=1280,0.15871794871794873,5,5.604683503727407e-07
n=1280,0.15871794871794873,6,4.3608080333989015e-07
n=1280,0.15871794871794873,7,7.646348880184884e-07
n=1280,0.15871794871794873,8,1.2757560181529458e-06
n=1280,0.15871794871794873,9,6.344714864553711e-06
n=1280,0.16615384615384615,0,1.4233979779940243e-06
n=1280,0.16615384615384615,1,9.793822541437376e-07
n=1280,0.16615384615384615,2,1.2933876799431139e-06
n=1280,0.16615384615384615,3,8.468457266247727e-07
n=1280,0.16615384615384615,4,7.107828907463757e-07
n=1280,0.16615384615384615,5,1.1456703603440353e-06
n=1280,0.16615384615384615,6,6.259500802186818e-07
n=1280,0.16615384615384615,7,7.65525371214153e-07
n=1280,0.16615384615384615,8,7.317579635862909e-07
n=1280,0.16615384615384615,9,5.989889722368208e-07
n=1280,0.1735897435897436,0,1.2769178178535445e-06
n=1280,0.1735897435897436,1,8.807567071335931e-07
n=1280,0.1735897435897436,2,1.208749109465493e-06
n=1280,0.1735897435897436,3,5.715378522944543e-07
n=1280,0.1735897435897436,4,1.1328036881536927e-06
n=1280,0.1735897435897436,5,1.056333735605233e-06
n=1280,0.1735897435897436,6,5.748594964900504e-07
n=1280,0.1735897435897436,7,9.949595846958714e-07
n=1280,0.1735897435897436,8,7.093508934875876e-07
n=1280,0.1735897435897436,9,8.355347034690487e-07
n=1280,0.18102564102564103,0,1.7450110745943744e-06
n=1280,0.18102564102564103,1,6.079525965360571e-07
n=1280,0.18102564102564103,2,7.369425391479097e-07
n=1280,0.18102564102564103,3,8.598922833754181e-07
n=1280,0.18102564102564103,4,7.141360134038164e-07
n=1280,0.18102564102564103,5,1.3978885434289854e-06
n=1280,0.18102564102564103,6,8.388722181985402e-07
n=1280,0.18102564102564103,7,1.195576330079842e-06
n=1280,0.18102564102564103,8,6.625809673770904e-07
n=1280,0.18102564102564103,9,1.3486030669941736e-06
n=1280,0.18846153846153846,0,1.0553586419852392e-06
n=1280,0.18846153846153846,1,8.500186623920259e-07
n=1280,0.18846153846153846,2,8.199430745209168e-07
n=1280,0.18846153846153846,3,8.263169806640936e-07
n=1280,0.18846153846153846,4,1.7116139457378685e-06
n=1280,0.18846153846153846,5,1.2166064287917646e-06
n=1280,0.18846153846153846,6,1.405235863447344e-06
n=1280,0.18846153846153846,7,2.009036635410411e-06
n=1280,0.18846153846153846,8,2.9219584019713633e-06
n=1280,0.18846153846153846,9,7.241226739186969e-07
n=1280,0.1958974358974359,0,8.805104594692729e-07
n=1280,0.1958974358974359,1,1.0411203677300615e-06
n=1280,0.1958974358974359,2,9.545199600900185e-07
n=1280,0.1958974358974359,3,1.974127829206651e-06
n=1280,0.1958974358974359,4,1.814263590180166e-06
n=1280,0.1958974358974359,5,1.0926347216425732e-06
n=1280,0.1958974358974359,6,5.1377478274307585e-06
n=1280,0.1958974358974359,7,8.534060928323314e-07
n=1280,0.1958974358974359,8,1.8564314859934753e-06
n=1280,0.1958974358974359,9,1.0272939158444878e-06
n=1280,0.20333333333333334,0,7.46534297550992e-07
n=1280,0.20333333333333334,1,1.4205788218525937e-06
n=1280,0.20333333333333334,2,1.1564335939502952e-06
n=1280,0.20333333333333334,3,1.2092736462520439e-06
n=1280,0.20333333333333334,4,7.370858585138497e-07
n=1280,0.20333333333333334,5,1.2185538613165573e-06
n=1280,0.20333333333333334,6,1.046468248793151e-06
n=1280,0.20333333333333334,7,1.0319300663812453e-06
n=1280,0.20333333333333334,8,9.369658721264595e-07
n=1280,0.20333333333333334,9,2.2899895888386113e-06
n=1280,0.21076923076923076,0,1.0781760047904627e-06
n=1280,0.21076923076923076,1,2.0374269666024623e-06
n=1280,0.21076923076923076,2,1.3283468608655108e-06
n=1280,0.21076923076923076,3,1.581673800660333e-06
n=1280,0.21076923076923076,4,1.1168287007155992e-06
n=1280,0.21076923076923076,5,1.3753901242941226e-06
n=1280,0.21076923076923076,6,2.799951273726314e-06
n=1280,0.21076923076923076,7,1.274055779595258e-06
n=1280,0.21076923076923076,8,2.9620447598982183e-06
n=1280,0.21076923076923076,9,1.8339025667647542e-06
n=1280,0.21820512820512822,0,2.5912042584204704e-06
n=1280,0.21820512820512822,1,1.7324782685841064e-06
n=1280,0.21820512820512822,2,1.5963288325480803e-06
n=1280,0.21820512820512822,3,1.131980506539929e-06
n=1280,0.21820512820512822,4,1.9794652532679736e-05
n=1280,0.21820512820512822,5,2.0896387256083806e-06
n=1280,0.21820512820512822,6,8.509103732010311e-07
n=1280,0.21820512820512822,7,2.4597504862648375e-06
n=1280,0.21820512820512822,8,1.5667623362644466e-06
n=1280,0.21820512820512822,9,1.950308643109464e-06
n=1280,0.22564102564102564,0,2.2103108612479674e-06
n=1280,0.22564102564102564,1,1.9209000385336045e-06
n=1280,0.22564102564102564,2,1.9047351953453614e-06
n=1280,0.22564102564102564,3,1.6441684086589705e-06
n=1280,0.22564102564102564,4,3.8118521207044017e-06
n=1280,0.22564102564102564,5,1.75148150918328e-06
n=1280,0.22564102564102564,6,1.428641652897013e-06
n=1280,0.22564102564102564,7,2.2265932843250148e-06
n=1280,0.22564102564102564,8,1.3550681775016485e-06
n=1280,0.22564102564102564,9,1.6608614771967337e-06
n=1280,0.23307692307692307,0,2.58442646761478e-06
n=1280,0.23307692307692307,1,1.5871363247883446e-06
n=1280,0.23307692307692307,2,3.644907886975132e-06
n=1280,0.23307692307692307,3,1.284404234281347e-06
n=1280,0.23307692307692307,4,1.2451329931868966e-06
n=1280,0.23307692307692307,5,2.121075572371848e-06
n=1280,0.23307692307692307,6,1.9837400018897233e-06
n=1280,0.23307692307692307,7,2.2588956435829336e-06
n=1280,0.23307692307692307,8,5.75458797767772e-06
n=1280,0.23307692307692307,9,3.011406399611938e-06
n=1280,0.24051282051282052,0,5.038785363406133e-06
n=1280,0.24051282051282052,1,2.2521441921178276e-06
n=1280,0.24051282051282052,2,1.90263942902588e-06
n=1280,0.24051282051282052,3,2.087072731988179e-06
n=1280,0.24051282051282052,4,1.5856835355077725e-06
n=1280,0.24051282051282052,5,2.065048150902618e-06
n=1280,0.24051282051282052,6,1.859543777687935e-06
n=1280,0.24051282051282052,7,2.752036650322842e-06
n=1280,0.24051282051282052,8,1.0592609646893836e-06
n=1280,0.24051282051282052,9,2.33781424229765e-06
n=1280,0.24794871794871795,0,9.791530020456382e-06
n=1280,0.24794871794871795,1,1.8204490144712784e-06
n=1280,0.24794871794871795,2,3.433749889005537e-06
n=1280,0.24794871794871795,3,5.8127614885696234e-06
n=1280,0.24794871794871795,4,1.7580056992508867e-06
n=1280,0.24794871794871795,5,3.770030233050094e-06
n=1280,0.24794871794871795,6,2.881928727427212e-06
n=1280,0.24794871794871795,7,2.1560266467087676e-06
n=1280,0.24794871794871795,8,2.6128906452598408e-06
n=1280,0.24794871794871795,9,5.600076625406727e-06
n=1280,0.2553846153846154,0,3.274056694268646e-06
n=1280,0.2553846153846154,1,1.197968911923286e-06
n=1280,0.2553846153846154,2,2.988228331972492e-06
n=1280,0.2553846153846154,3,1.5126588609993974e-06
n=1280,0.2553846153846154,4,3.5912284549737704e-06
n=1280,0.2553846153846154,5,1.3046892614989288e-06
n=1280,0.2553846153846154,6,3.0589359755421322e-06
n=1280,0.2553846153846154,7,2.70888801096608e-06
n=1280,0.2553846153846154,8,2.3399964992013107e-06
n=1280,0.2553846153846154,9,1.0890700448016208e-06
n=1280,0.26282051282051283,0,2.885743837519343e-06
n=1280,0.26282051282051283,1,0.00010503618953279652
n=1280,0.26282051282051283,2,2.5929355781823114e-06
n=1280,0.26282051282051283,3,1.8582001217868362e-06
n=1280,0.26282051282051283,4,2.5680668479705953e-06
n=1280,0.26282051282051283,5,2.3297808448264353e-06
n=1280,0.26282051282051283,6,5.099231554706778e-06
n=1280,0.26282051282051283,7,1.6792748167467435e-06
n=1280,0.26282051282051283,8,3.1629215585241104e-06
n=1280,0.26282051282051283,9,2.410808773666248e-06
n=1280,0.2702564102564103,0,3.617591149632527e-06
n=1280,0.2702564102564103,1,3.1439438006022935e-06
n=1280,0.2702564102564103,2,8.213487335486672e-06
n=1280,0.2702564102564103,3,3.7652232634156913e-06
n=1280,0.2702564102564103,4,4.562685286815108e-06
n=1280,0.2702564102564103,5,3.3220346607394713e-06
n=1280,0.2702564102564103,6,2.533692908333313e-06
n=1280,0.2702564102564103,7,6.479834934577935e-06
n=1280,0.2702564102564103,8,2.5455420532706414e-06
n=1280,0.2702564102564103,9,5.029941585773156e-06
n=1280,0.2776923076923077,0,2.642478161287489e-06
n=1280,0.2776923076923077,1,3.6027292910641186e-06
n=1280,0.2776923076923077,2,6.320324305005008e-06
n=1280,0.2776923076923077,3,6.106718137741782e-06
n=1280,0.2776923076923077,4,1.6535722679387408e-06
n=1280,0.2776923076923077,5,5.012759861929156e-06
n=1280,0.2776923076923077,6,4.442234919430434e-06
n=1280,0.2776923076923077,7,1.2143373449958872e-06
n=1280,0.2776923076923077,8,3.2398067451521056e-06
n=1280,0.2776923076923077,9,6.170835184138184e-06
n=1280,0.28512820512820514,0,1.5591450335283116e-05
n=1280,0.28512820512820514,1,4.692757493498678e-06
n=1280,0.28512820512820514,2,2.468358878915983e-06
n=1280,0.28512820512820514,3,2.962518138796214e-06
n=1280,0.28512820512820514,4,3.498310277838781e-06
n=1280,0.28512820512820514,5,6.207355250554439e-06
n=1280,0.28512820512820514,6,2.920244802023458e-06
n=1280,0.28512820512820514,7,2.550656827926065e-06
n=1280,0.28512820512820514,8,2.943103918666654e-06
n=1280,0.28512820512820514,9,2.611297146528069e-06
n=1280,0.2925641025641026,0,5.61081191976083e-06
n=1280,0.2925641025641026,1,2.700674730015781e-06
n=1280,0.2925641025641026,2,5.148685142129809e-06
n=1280,0.2925641025641026,3,7.792982397760445e-06
n=1280,0.2925641025641026,4,6.3900449108192175e-06
n=1280,0.2925641025641026,5,4.515762835972046e-06
n=1280,0.2925641025641026,6,7.099952638076455e-06
n=1280,0.2925641025641026,7,2.5467879307520674e-06
n=1280,0.2925641025641026,8,8.483448579381775e-06
n=1280,0.2925641025641026,9,5.028803771588682e-06
n=1280,0.3,0,1.8266735237574e-06
n=1280,0.3,1,8.372435926360768e-06
n=1280,0.3,2,3.01726445062719e-06
n=1280,0.3,3,1.925867894216062e-06
n=1280,0.3,4,1.0543403917675095e-05
n=1280,0.3,5,2.9748391178058034e-06
n=1280,0.3,6,2.797063987849742e-06
n=1280,0.3,7,5.899588112967733e-06
n=1280,0.3,8,2.205653897330405e-06
n=1280,0.3,9,6.017651322766317e-06
